text,label
"ุจุง ุณูุงูุ - โค๐๐ฃ๐ ูุญุชุฑู! ๐๐ป  ุจู ฺฏุฑูู ุจุฑูุงูู ููุณ | ++C ุฎูุด ุขูุฏุฏ! ๐ท  ุจุฑุง ุดูุง ุขุฑุฒู ุชุฌุฑุจู ูุฐุช ุจุฎุด ุฏุฑ ุทูู ุญุถูุฑุชุงู ุฏุฑ ุงูุฌุง ุฏุงุฑู. โค๏ธ",1
"๐ฎ๐ปโฐ ุณุงุนุช ุฎุงููุด ุบุฑูุนุงู ุดุฏู ุงุณุช.  ุณุงุนุช ุฎุงููุด ุจุนุฏ ุฏุฑ 00:00 ุขุบุงุฒ ุฎูุงูุฏ ุดุฏ.",0
"โฐ๐ด ุณุงุนุช ุฎุงููุด ุจุง ููููุช ูุนุงู ุดุฏ.  ุงู ฺฏุฑูู ุฏุฑ ุญุงู ุญุงุถุฑ ุงุฒ 00:00 ุชุง 08:00 ุฏุฑ ุญุงูุช ุฎุงููุด ุงุณุช.  ุจุฑุง ุฏุงุดุชู ูุญุท ุขุฑุงู ูุทูุง ุงุฒ ุงุฑุณุงู ูุฑฺฏููู ูพุงู ุฏุฑ ุงู ูุฏุช ุฎูุฏุฏุงุฑ ูุฑูุงุฏ.",0
"ุณูุงู ู ุณูุงู ุฏุงุดุชู ฺฉุณ ูุณ ฺฉูฺฉู ฺฉููุ",0
"ุฑุงุถุงุชุดู ุจฺฏู  ุฎูุจู ูุดู ูพุงุฏู ุณุงุฒุด ฺฉุฑุฏ ุญุงูุง ุจุง ูุฑ ุฒุจุงู.... ูุซูุง ูพุงุชูู ุจุงุดู ูู ฺฉุชุงุจุฎุงูู ุงูุงุฏู ูุจุงุดู ุจุง ุฑุงุถ ุฌูู ุจุฑู ุง ูุชูุจ...",1
"ุฎุฑ ูู ุฎูุฏู ุฎู ุฏูุจุงูุด ุจูุฏู ุจู ุงูฺฏูุณ ูู ฺฉูู ฺ ุจุฑุณู ุจ ูุงุฑุณุด",0
"ู ุงุณ ฺฉุฏ ุงุฒ ูุงุฑุณ ูพุดุชุจุงู ููฺฉูู ุนุฒุฒ  ุจูุชุฑู ุจุฑุง ูุงุฑุณ ุงุณูพุงุฏุฑ ูุณุช",1
"ุณูุงู ููุช ุจุฎุฑ ุงููุฒุด ุฏุงุฑู ุงุฏฺฏุฑ ูุงุดู ุฑู ุจุง  c++ ุง c ุจฺฏู ุชุฑุฌุญุง ูุงุฑุณ ุฒุจุงู",1
"ูู ุจุนุฏ ุงุฒ ูุฏุช ุงู ุดุฏู ฺฏุฑูู ุฏุฑ ุงุฎุชุงุฑู ูุจูุฏู ุงุทูุงุน ูุฏุงุฑู ๐ค๐คทโโ",0
"ููุฏููู  ุดุงุฏ ุชู ุจุฏูู ุนุฒุฒ",0
"ูุดฺฉู ูพุด ุงูุฏู ุนุฒุฒ ๐ค",0
"ุงู ฺฏูพ ุงูฺฏุงุฑ ูุงุณู ุณ ูพูุงุณ ูพูุงุณ ูุณุช",1
"Toronto wala Hanoz Hasten Ya Rafetn?",0
"ุณูุงู.ุฏุฑ ุจุฑูุงูู VS Code ูุงุฑุณ ุฑู ุจุฑุนฺฉุณ ูููุณู ูุฑ ฺฉุงุฑ ฺฉุฑุฏู ุฏุฑุณุช ูุดุฏ ุงฺฉุณุชูุดู ุฑุงุณุช ฺู ูู ูุตุจ ฺฉุฑุฏู ูุดุฏ.ฺฉุณ ุฑุงู ุญู ุจูุฏูุ",1
"ุณูุงู  ฺฉุณ ูุฏููู ฺฉ ูุชููู ูุณุฎู ูุง ููุจุฑฺฏุฑ ุฑู ููุฏ ฺฉูู ุง ูู ูุซูุง ฺฉุงูู ุงุชุง ู ุงู ฺุฒุง  ูุดู ุง ููุ ฺุทูุฑุ",1
"ูู ููุจุน ูุงุฑุณ ููุฏููู",0
"ุงุฎู ุจูุฏ ูุณุชู",0
"ุฎุฑ   ุจูุธุฑู ูุญุชูุง ุขููุฒุด ุงูฺฏูุณ ุฎู ุจูุชุฑู ุงฺฏู ุจุนุฏุง ูุง ูู ุฎูุงุณุชุฏ ุฏุงฺฉูููุช ุจุฎููุฏ ุงููุฌุง ูู ุฎู ุงูฺฏูุณ ูุฑุงุฑู ุจุฏุฑุฏ ุจุฎูุฑู",1
"ฺูู ุณุฑุงุบ ูุฏุงุฑ ูุงุฑุณ ุจุงุดูุ",0
"ุฏูุช ฺฏุฑู",0
"ููุดูู ุฑู ุงุฒ ฺูู ูุชูุจ freecodecamp ุจุจู",1
"ุงุฒ ฺู ุณุงุช ุฎูุจู ุขููุฒุด ุจุจููุ  ูู ุฌุงูุง ูู ุงู ูพ ุงฺ ูพ ู css ุงูุงุฑู",1
"๐บ ุขููุฒุด ููุช HTML ((100% ุฑุงฺฏุงู))  ๐ ุงูุฌุง ููุดู ุขููุฒุดโูุง ูพุงู ุทุฑุงุญ ุณุงุช + ุทุฑุงุญโูุง ุฎูุงูุงูู + ฺฉุฏ ูโุฐุงุฑู. ๐ https://t.me/+erh0E4RDTRszZTI0  ๐ค ูโุฏููุณุช ฺฉู HTML ูู Base ุงุฏฺฏุฑ ุทุฑุงุญ ุณุงุช ูุณุช ุุ!! ูพุณ ุชุง ูพุงฺฉ ูุดุฏูุ ุนุถู ุดู ๐๐",1
"ูููู ูุฑุงูุช ฺฉุงุฑ",1
"ุขุฑู",0
"Css ู HTML  ุจุฑุง ฺูุ  ุงููุง ุจุฑุง ุทุฑุงุญุดูุ",1
"ุงูุงู",0
"ุนู ฺฉุงุฑุง ุณุฑูุฑ ู ูพุดุช ุตุญูู ุณุงุช ุจุง ุงู ุฒุจุงู ูุณุช",1
"ุนู ฺ",0
"ุจฺฉ ุงูุฏ",1
"ูฺฏู php ุฒุจุงู ุจฺฉูุฏู",1
"ฺุ",0
"ููุช ูุณุช ุงูุงู ุจุฑุง ุขุฒููู ูพุงุงู ุชุฑู ูุงุฒู ุฏุงุฑูุ ูฺฏุฑูู ุฎูุฏู ุฏูุฑู ู ุดูุงุณู ุงูุง ุงูู ุฎู ุทููุงูู ูู ุชููู ุจุฑุณููู ุจู ุขุฒูููู",1
"ุจูุธุฑู ุงฺฏู ูุฎูุงุฏ ุฎูุจ ู ุงุตูู ุงุฏ ุจฺฏุฑุฏ ุงุฒ ููุงุจุน ุงูฺฏูุณ ุงุณุชูุงุฏู ฺฉูุฏ ููุจุน ูุงุฑุณ ููุฏููู",1
"ูุจุงุญุซ ุฑู ุฏุณุช ู ูพุง ุดฺฉุณุชู ุจูุฏู",1
"ุงูฺฏูุณ ูุจุงุดู ูุทูุง",0
"ุงูฺฏูุณ ุจูุฏ ูุณุชุฏุ",0
"ุงูุงู ุณุทุญุชูู ุชู ุณ ูพูุงุณ ูพูุงุณ ฺูุฏุฑูุ",1
"ฺฉุณ ุฌุฒูู C++ ุงุณุชุงุฏ ุดุฑุงูฺฉู ุฑู ุฏุงุฑูุ ุง ุฌุฒูู  ุฎูุจ ุจุฑุง C++ ูพุดุฑูุชูุ ุจุฑุง ุขุฒููู ูพุงุงู ุชุฑู ุฏุงูุดฺฏุงู ูุงุฒ ุฏุงุฑูุ ูุฒูู ูู ูุงุฒู ุจุงุดู ูุฏู ุงฺฏู ฺฏุฑูู ุจุฑุง C++ ู ูพุงุชูู ุฏุงุฑุฏ ู ูุฑุณุชุฏ ุจุฑุงูุ",1
"ุฎูุงูุด ูฺฉูู",0
"ุงูุง ูุฑุณ ูุทู ฺฉุฑุฏ๐ค ุฏูุฑู ฺฏุฐุงุดุชู ุจูุฏู ุฎูุงุณุชู ุจุจูู ุจุฑู ุง ูู",1
"ุฌุฏุฏุง ฺฉู ุจุดุชุฑ ุจุฑุง ููุด ูุตููุน ุงุณุชูุงุฏู ูุดู",1
"ุขูุง ูุฑุณ๐ค ูู ููุธูุฑู ุงู ุจูุฏ ุชู ุชูุณุนู ูุฑู ุงูุฒุงุฑ ูุณุช ุง ฺุฒ ุฏฺฏู ุงุ!",1
"ุชุญูู ุฏุงุฏู ุชู ูููู ุดุงุฎู ุนูู ุฏุชุง ูุณุช",1
"ุณูุงู  ุชุญููโุฏุงุฏูโุจุงโูพุงุชููโุจุงุฑูฺฉุฑุฏโุนููโุฏุงุฏู  ุจุฑุง ฺู ุดุงุฎู ุง ูุณุชุุ",1
"ูุงูุง ูู ฺฉู ุงุฒ ููุด ูุตููุน ุชู ุงู ุญูุถู ุงุณุชูุงุฏู ฺฉุฑุฏู ุฎู ุฌูุงุจุง ุงุญููุงูู ุง ูุฏุงุฏ  ูุนฺฉฺฉฺฉ ูฺฉูู",1
"ุจูุธุฑุช ุจุง ุงู ุฑููุฏ ุฑุดุฏ ููุด ูุตููุน ุชุงุซุฑ ููู ุฑู ุงู ุญูุถู ูุฏุงุฑูุ",1
"ุจูุธุฑู ุงฺฏู ูุชูู ุฎูุฏุช ููุชูุฑ ุจุงุฒ ุณุงุฒุช ุฑู ุฏุฑุณุช ฺฉู  ฺูู ุงฺฉุซุฑุง ุจุงุฒ ูุง ุฎูุจ ููุชูุฑ ุจุงุฒ ุณุงุฒ ูุฎุชุต ุฎูุฏุดูู ุฑู ููุดุชู . (ูุนูููุง ุจุง ูููู ุณ ูพูุงุณ ูพูุงุณ ูููุณูุด)",1
"ุงู ุฒุจุงู ุจฺฉูุฏู",1
"PHP ฺุ",1
"ุจุฑุง ุณุงุช ูู ูฺฉ ฺฉูู Html , css ู ุฌุงูุงุงุณฺฉุฑูพุช",1
"ุงูู ูุดู ุฌูุงุจ ุจุฏุ  ุจุจุฎุดุฏ ฺฉู ุฒุงุฏ ุณูุงู ูพุฑุณุฏู",0
"ุณ ูพูุงุณ ูู ุจุฑุง ฺฉุงุฑ ุจุง ุงูุฑู ุฏุงุฑู ุงุฏ ูฺฏุฑู ูู ุฒููู ูุง ุฏฺฏูโุงู ูุณุช ฺฉู ฺฉุงุฑุจุฑุฏ ุฏุงุดุชู ุจุงุดูุุุ",1
"ุนุงูุง ุณูุงู",0
"ุงุฑู",0
"ุงูุงู C# ูุณุชู ุชุงุฒู ุดุฑูุน ฺฉุฑุฏู ูุฑุฏุง ูุฎูุงู ุจุฑูุงูู ุดู ูุตุจ ฺฉูู ุฏุงุฑู ุงุฒ ูุฑุงุฏุฑุณ ุขููุฒุด ูุจูู ุจูุธุฑุช ุจุฏุฑุฏ ูุฎูุฑูุ",1
"ู ุณูุงู ุฏฺฏู ุจุฑุง ุจุฑูุงูู ููุณ ุทุฑุงุญ ุจุฑูุงูู ู ุจุงุฒ ุงูุฏุฑูุฏ ู ุทุฑุงุญ ุณุงุช ฺู ุฒุจุงู ุฎูุจู ุงุฏ ุจฺฏุฑูุ",1
"ุงูุง",0
"ุดูุง ูพุฑูฺู ุจููุณุฏ ุฑุฒููู ุณุงุฒ ฺฉูุฏ  ุงุฒ ุงู ุฑูุด ูพู ุฑู ุจุฑุง ุฑูุชู ูููุงุฑ ฺฉูุฏ  ุฏุงุฎู ูุณุงุจูุงุช ูุฎุชูู ุดุฑฺฉุช ฺฉูุฏ ู โฆ",1
"ุงฺฉุซุฑุง ูุนุชุจุฑ ูุณุชู",0
"ู ุงุฒ ุงู ูุฑ ูู ุฏูุณุช ุฏุงุฑู ุจุฑูุงูู ููุณ ุงุฏ ุจฺฏุฑู",1
"ุงฺฏุฑ ุงุฒ ุงู ุณุงุช ูุง ูุฏุฑฺฉ ุจฺฏุฑู ูุซูุง ุงุฑุฒุด ุฏุงุฑู ุจุฑุง ููุงุฌุฑุชุ  ุง ุจุงุฏ ุญุชูุง ุฑุดุชู ุฑุงุถ ุจุงุดู ูู ฺูู ุฎูุฏู ุฑุดุชู ู ุงูุณุงูู ุฏูุณุช ุฏุงุฑู ุจุฑุง ูุนูู ุง ูฺฉุงูุช ุจุฎููู",0
"ูู  ูู ฺฉ ุงุฒ ุฏูุณุชุงู ูุซูุง ู ูุฏุฑฺฉ ฺฏุฑูุชู ุงุฒ ู ุณุงุช 80 ูููู ูุฒูู ุขุฒูููุด ุดุฏู ูู ุงู ุณุงุช ูุนุชุจุฑู  ุฎุงุฑุฌ ูู ูุณุชุด ุงุฑุงู ูุณุชุด",0
"ุนู ุงฺฏุฑ ูุฏุฑฺฉ ุฑุงุถ ูุฏุงุดุชู ุจุงุด ูฺ ุงุฑุฒุด ูุฏุงุฑูุ",0
"ู ฺฉุงูุงู ูุนุฑู ฺฉูุฏ ฺฉู ุงฺฉุณู ุฑู ุงุฒ ุตูุฑ ุงุฏ ุจุฏู",0
"ูุฏุฑฺฉ ุงุฑุงู ุจู ุฏุฑุฏ ูู ุฎูุฑู ูู ุฑุฒููู ุฑุฒููู ุณุงุฒ ุนุงูู",1
"ุณูุงู ููุช ุจุฎุฑ",0
"ูู",0
"ุจุณุชฺฏ ุจู ุฑูุฒููู ุง ฺฉู ุณุงุฎุช ุฏุงุฑู",1
"ูู",0
"ูุซูุง ุฑุดุชู ุช ุฑุงุถ ูุจุงุดู ุงูุง ุงุฒ ฺูุฏ ุณุงุช ูุนุชุจุฑ ูุฏุฑฺฉ ุจฺฏุฑ ุจุฑุง ููุงุฌุฑุช ุจุฏุฑุฏ ูุฎูุฑูุ",0
"ุงฺฏุฑ ูุฏุฑฺฉ ูุฏุงุดุชู ุจุงุด ูู ูุซูุง ุจุฑูุงูู ููุณ ุงูุง ุจูุฏ ุจุงุด ฺุ",1
"ุนูุงูู ุจู ฺฏุฑุงุด ููุฑุฏ ูุธุฑ ุงุฒ ููู ฺุฒ ููู ุชุฑู",0
"ูพุณ ุนููู ฺฉุงููพูุชุฑ ุจูุชุฑู ุงูุชุฎุงุจู ฺูู ุฏุฑ ุณุฑุงุณุฑ ุฏูุง ูุณุช",1
"ูุทุนุง ุจุฑุง ููุงุฌุฑุช ูุณุชุด",0
"ูุชุดฺฉุฑ",0
"ูู ุงฺฏุฑ ูุตุฏ ุฏุฑ ุงุฑุงู ูุงูุฏู ุฏุงุฑุฏ ูููุฏุณ ฺฉุงููพูุชุฑ",1
"ูููุฏุณ ฺฉุงููพูุชุฑ ุฏุฑ ุฎุงุฑุฌ ุงุฒ ฺฉุดูุฑ ูุฌูุฏ ูุฏุงุฑู ูู ุนููู ฺฉุงููพูุชุฑ ุฏุงุฑู",1
"ุณูุงู ุฑููุง ุจุฑุง ุงูุชุฎุงุจ ุฑุดุชู ุจุฑู ุนููู ฺฉุงููพูุชุฑ ุง ูููุฏุณ ฺฉุงููพูุชุฑ ฺฉุฏูู ุจูุชุฑู ุจุฑุง ุชุญุตู ุจู ูุธุฑุชููุ",1
"ูพ ุจุงู ุจุฏุฏ",0
"ุณูุงู ูุฑู ุงูุฒุงุฑ ุณุฑุงุบ ุฏุงุฑุฏ ุจุฑุง ุณุงุฎุช ูพูุณุชุฑ",1
"ุจุฑุง ุฏูุณุชุงู ููุฑุณุชู",0
"ุณูุงู ู ูพุฑูฺู ุจุง c# ูุฎุงู ูุฑฺฉุณ ููุงุฑุช ฺฉุงู ุฏุงุฑู ูุทูุง ูพ ู ูพุงู ุจุฏู",1
"ุงุฑุฏูุงูู ุดูุฏู ุจูุฏู ฺฉู ุจุง C ูู ูุดู ุจุฑูุงูู ููุณ ฺฉุฑุฏ ูุฎูุงุณุชู ุจุจูู C++ ุจูุชุฑู ุง C",1
"ุดูุง ูู ููู ุทูุฑ",0
"ูพุฏุง ฺฉุฑุฏ ุจุฑุง ููู ุจูุฑุณุช",0
"ฺฉุณ ุชูุฑูุงุช C++ ูพุฌ  OpenCode ูุชูุจ ุฑู ุฏุงุฑูุ",1
"ุณูฺฏูู. ุจูุชุฑู ุงูู ุญูุฒู ฺฉุงุฑ ุฑู ูุดุฎุต ฺฉูุฏ ู ุจุนุฏ ุฒุจุงู ฺฉู ูุงุฒูู ุฑู ุงุฏ ุจฺฏุฑ",1
"ุจุฒู ุชู ฺฏูฺฏู Sa:mp",1
"ุชู ฺู ุญูุฒู ุง ูุฎูุง ูุนุงูุช ฺฉู ุจุฒุงุฑ ุงูุฌูุฑ ุจฺฏู",1
"ูุฎูุง ฺฺฉุงุฑ ฺฉู",0
"ุณููพ ฺฉุฌุงุณุ",1
"ุฏุงุฏุงุด ุงูุฌุงุฑู ุจุง ุณููพ ุงุดุชุจุงู ฺฏุฑูุช",1
"ุฏูุฑู ููุงุฏุด ฺู ูุซู ูุชุงูู ุนูู ูฺฉููุ ุณุฑฺ ุจุฒูู ฺฏูฺฏู ูุงุฏุ",0
"ุจุง ูพ",0
"ฺฉุงฺฉู ูุฑ ูู ูุตุจ ุงููู ุงู ุฏููุณู",0
"ุจุฑูุงูู ฺฉุงููพุงูุฑ ++g",1
"ุฏูุณุชุงู ุงู ูุดฺฉู ุฏุฑ ูุตุจ Msys ฺูุ",1
"ุขูุง ู ุณูุงู ุฏุฑ ุฑุงุจุทู ุจุง ูุฑููุณุฑ ุฏุงุดุชู ฺฉุณ ูุณุช ุฌูุงุจ ุจุฏู ููููู",1
"ุงูฺฉ",0
"ุจูู",0
"ฺฏูฺฏู ุจุฒู ุณุงุช ุชุงูพ ูุฑู ุงูู",1
"ุจฺูโูุง ฺฏูุชู ุฎูุจู ุชู ุณ ูพูุงุณ",1
"ูพ ู  ูพุงู ุจุฐุงุฑุฏ ุงูุจุชู ุฎูุฏูู ูููุฒ ูุฏุฏู ููุท ุจูู ูพุดููุงุฏ ุฏุงุฏู",0
"ุฎุจ ูุชููู ููฺฉ ุขูุง ูุฏุงุฆู ุฑู ุจูุฑุณุชูุ",1
"ูุชููู ููฺฉุดู ุจุฏูุ",0
"ุจฺู ูุง ฺฏูพ ุจ ุฎูุฏู ุฏูุฑู ูุง ูุชูุจ ูุฆูู ูุฑู ุฑู ูพุดููุงุฏ ุฏุงุฏู",1
"ุดุฑุงูฺฉู ุงุตูุง ุฎูุจ ูุณ",1
"ูุงุณู ++C ุดุฑุงูฺฉู ูฺฏู ุฎูุจู  ูุงุณู ุณ ุดุงุฑูพ ูู ูุฏุงุฆู",1
"ูพ ู  ูพุงู ุจูู ุจุฏุฏ",0
"ฺฉุณ ุฏุงูููุฏุฑ ุงุฒ ูุชูุจ ุณุฑุงุบ ุฏุงุฑู ุงูุฌุงุ",1
"ุญุชูุง  ุฎู ููููู ุงุฒ ุดูุง",0
"ุงูุงู ุญูู ุฏูุช ฺฏุฑู",0
"ูู ุนูุงูู ุง ุจู ุฒุจุงู ุณ ูุฏุงุฑู ููุท ฺฏูุชู ุจุฑุง ุดุฑูุน ุฎูุจู ุงุฒ ุณ ุดุฑูุน ฺฉูู ุจุฎุงุทุฑ ููู ุฑูุชู ูุฏู ูุงุดู ุฏุฏู",1
"ุจุณุชฺฏ ุจู ุณุงุชุด ูุฏุงุฑู ุจุงุฏ ุจุจูุฏ ุจุง ุชุฏุฑุณ ฺฉุฏูู ุงุณุชุงุฏ ุจูุชุฑ ู ุชููุฏ ุงุฑุชุจุงุท ุจุฑูุฑุงุฑ ฺฉูุฏ",1
"ูพุณ ุชุฏุฑุณ ุงุณุชุงุฏ ูุณ ุฑู ุจุจูุฏ ุฏูุฑู  ฺูู ูุดู ุง ฺฉู ุฏุงุฑู ู ุฐุงุฑู ุจู ูุธุฑ ูู ฺฉู ุฎู ุฎูุจ ุจูุฏ ุชุฏุฑุณ ุดูู",1
"ุดูุง ุชุง ุฒูุงู ูุชููุฏ ุงุฒ ู ุฒุจุงู ุณุฑ ุฏุฑ ุจุงุฑุฏ ฺฉู ุฎูุฏุชูู ุจุง ุงูู ุฒุจุงู  ุจุฑูุงูู ุจููุณุฏ ููุชุชููู ูพุง ุฏูุฑู ูุง ุทููุงู ุชูู ูฺฉูุฏ",1
"ูููููู  ุงุฒ ุชุฏุฑุณ ุดุฑุงูฺฉู ุฎูุดู ูููุฏ",1
"ุจูุธุฑู ฺฉ ฺฉ ุงุฏ ุจฺฏุฑู ุจุฑู ุฒุจุงู ุจุนุฏ  ฺฉูุงุฑ ุฏุฏู ฺฉููพุง ููุฒูุงู ุชูุฑู ฺฉูู  ุณุงุช ูุฑุงุฏุฑุณ ฺฉุฏุงุฏ ูฺฉุชุจ ุฎุงูู ุงุฒ ุงู ุณุงุชุงู ุจุฑุฑุณ ฺฉูู ุจุง ูุฑ ฺฉุฏูู ุงฺฉ ุจูุฏู ุจุจูู",1
"ุฏุฑ ฺฉู ฺฉู ฺฉู ุฑุงุถุงุชุชููู ุจูุชุฑ ฺฉูู ฺูู ูุงุฒ ูุดู ฺฏุงู ู ุงูฺฉู ุฎุจ ุจุง ู ูุฏุฑุณ ุฏฺฏู ุงุฒ ุงูู ุงุฏุงูู ูุฏุงุฏู",1
"ุณุงุช ูุฑุงุฏุฑุณ ุฎูุจู ุจุฑุง ุงุฏฺฏุฑุ",1
"ุงุณุชุงุฏ ฺฉุงุธู ูุณ ุฎูุจ ุฏุฑุณ ูุฏู ุงุณุชุงุฏ ูุฑุดุฏ ุดุฑุงูฺฉู ฺฉุฏุงุฏ",1
"ุงุฑู ุฏููุง ุจุฑุง ุงู ูุฎูุงู ฺฉูุง ุณู ูุฏู ุฏุงุฑู ุชู ุจุฑูุงูู ููุณ ุทุฑุงุญ ุจุงุฒ ู ุจุฑูุงูู ุงูุฏุฑูุฏ ุทุฑุงุญ ุณุงุช ู ูููุฐ ููุฑุฏ ุณูู ุงููุชุด ฺฉู ฺฉูุชุฑู",1
"ููุด ุฑุงุถ ูููุฑุฏ ุฎูุฏุด ุจุง ุณูุงุฏ ุจูุฏ ู ุณุฑ ฺุฒ ูุงุฑู ุงุตูุง ุจุฏูู ุชูุถุญ ุฑุฏ ูฺฉุฑุฏ ู ูุฑูุช",1
"ุฒุจุงู ุจุฑูุงูู ููุณ ูุณ ฺฉู ุจุดู ูุทููุง ฺฏูุช ุจุฏู ุง ุฎูุจ ุจุณุชู ุจู ุงู ุฏุงุฑู ฺฉู ุชู ูุฏูุช ฺ ุจุงุดู  ูุงุณู ฺฉุงุฑุง ฺฏุฑุงูฺฉ ุชูุณุนู ุจุงุฒ ู ุฎู ฺุฒุง ุฏฺฏู ฺฉุงุฑ ุจุฑุฏ ุฏุงุฑู  ูู ุจฺฉูู ุนูุฏุชุง ูุงุณู ูุฏูุฒ ุงูุง ุจฺฉุงุฑ ูุฑู",1
"ุฎุจ ุณุฑุฏุฑ ูุงูุฑุฏ ฺฉู ุฏุฑุณุช ูุณุช ุดุงุฏ ุดุฎุต ฺฉู ุชุฏุฑุณ ูฺฉุฑุฏู ุจุง ุณุจฺฉ ุงุฏฺฏุฑู ุชู ุณูุช ูุจูุฏู ู ุจุง ูุฏุฑุณ ุง ฺฉุชุงุจ ูุง ุฏฺฏู ูุณูุท ุจุด",1
"ุงุฑู",0
"ุณูุงู ุฏูุณุชุงู C++ุจุฑุง ุดุฑูุน ุฎูุจูุ",1
"ุณ ุดุงุฑูพ ุจุฏุฑุฏ ููุฎูุฑู ุจูุธุฑุชุ",1
"ุงุฒ ุณ ุดุฑูุน ฺฉุฑุฏู ุงูุงู ุณ ุดุงุฑูพู ุงุฒ ุณ ุฒุงุฏ ุณุฑ ุฏุฑ ูููุฑุฏู ุฑุงุณุชุด ููุท ุจุนุถ ุฏุณุชูุฑ ูุงุฑู ุงุฏ ฺฏุฑูุชู ู ุฑุฏุด ฺฉุฑุฏู",1
"ุณูุงู ุฏูุณุชุงู    ุงูฺฏูุฑุชูุ  ุณุงุฎุชูุงู ุฏุงุฏูุ deep learning ู machine learning   ุงุฒ ฺฉุฌุง ุงุฏ ุจฺฏุฑูุ   ุฏูุฑู ุนุงู ุจู ุฒุจุงู ูุงุฑุณ ูุนุฑู ูฺฉูุฏ.   ูููููู.",1
"ุฎู ููููู",0
"ุณ ู ูพูุฌ ุณุงุนุช ูฺฉุฑ ูฺฉูู ฺฉู ุจุงุดู",1
"ูุงุฒ ูุณุช ุงูฺฉ ูุฒูู ฺฉู๐ค",0
"ฺฉู ุฏูุฑู ุฑุงฺฏุงู ู ุจุฏุฑุฏุจุฎูุฑ",1
"ุจุฑู ุชู ูุชูุจ",1
"ูู ุชุงุฒู ุดุฑู ฺฉุฑุฏู",1
"ูุฆูู ูุฑู ุขููุฒุด ุฑุงฺฏุงู ุฏุงุฑู ูุนุฑููู ุชู ูุชูุจ ุณุฑฺ ูฺฉุฑุฏ ูฺฏู",1
"ููุช ุจุฎุฑ ุฏูุณุชุงู  ฺฉุฏูู ูุฏุฑุณ ++C ุฑู ุฎูุจ ุฏุฑุณ ูุฏูุ ฺฉุณ ููู ุขููุฒุด ุฏุงุฑูุ",1
"ุณูุงู ุฏูุณุชุงู ุฏูุฑู ุฑุงฺฏุงู ูุฑุฏ ูพุฑุณ ูุณุช ฺฉุณ ูุฎุงุฏ ุจุงุฏ ูพ ู",1
"ูุงุณู ูุจ ูพุชูู ุจุง html ุดุฑูุน ฺฉู ุณูพุณ css ู ุจุนุฏ ุฌุงูุง ุงุณฺฉุฑูพุช",1
"youtube.com/channel/UCjGdUsrDklgZTvWtLlk6hsA   ุฎูุดุญุงู ูุดู ุงฺฏุฑ ุจู ุจุฑูุงูู ููุณ ุงูุฏุฑูุฏ ุนูุงูู ููุฏ ูุณุชุฏ ฺูู ูุชูุจู ุฑู ุณุงุจุณฺฉุฑุงุจ ฺฉูุฏ",1
"ููุช ุจุฎุฑ ฺฉููพุงูุช ุฏุฑ ู ุงุณ ฺฉุฏ ูฺฏู ุฑุงฺฏุงู ูุจูุฏ  ุงุฒ ูู ุงฺฉุงูุช ูพุฑู ูุฎุงุฏ ุงูุงู  ููููู ูุดู ุฑุงูููุง ุจูุฑูุงุฏ.",1
"ูู ุจู ุจุฑูุงูู ููุณ ุทุฑุงุญ ุจุฑูุงูู ููุจุงู ู ุทุฑุงุญ ุณุงุช ุนูุงูู ุฏุงุฑู ุงุฒ ฺฉุฌุง ุจุงุฏ ุดุฑูุน ฺฉููุ",1
"ูู ุฌุงูุง",1
"ุงุณฺฉุฑูพุชุ",1
"ุจุฑุง ุงุฏฺฏุฑ ุฌุงูุง ููุจุน ุฎูุจ ูุดูุงุณุฏุ",1
"ูฺ   ููุท ู ฺฉุฏ ุงุฏุชูุฑ ูุฎุง ูุชูู ุงุฒ vs code  ุงุณุชูุงุฏู ฺฉู",1
"ุจุฑุง ุฌุงูุงุณฺฉุฑูพุช ฺู ุจุฑูุงูู ุง ุฑู ุฑู ููพุชุงุจ ูุตุจ ฺฉููุ",1
"ุุุ",0
"ุงูู ุจุจู ุจู ฺู ุญูุฒู ุง ุนูุงูู ุฏุงุฑ ุจุนุฏุด ุจุง ุชูุฌู ุจู ุงูู ุญูุฒู ุจูพุฑุณ ุฌูุงุจ ูุฏู ุง ูุฏู",1
"GitHub  ฺฉุณ ูโุฏููู ฺฉุฏ ูุงุฑู ุงุฒ ุฏุงุฎู ุงู ุณุงุช ฺุฌูุฑ ูุดู ูุฑุฏุงุดุช",1
"ุณูุงู",0
"ุงุฒ ููุทู ุดุฑูุน",1
"ฐ ูููู ุชุง ุจููุงุช",0
"ูโุฎูุงู ุจุฑูุงูู ููุณ ุงุฏ ุจฺฏุฑู ูุดู ุจฺฏุฏ ุงฺฏู ุญุฑูู ุง ุจุดู ูุชููู ูุงูุงูู ฺูุฏุฑ ุฏุฑุขูุฏ ุฏุงุดุชู ุจุงุดูุ",1
"ุจุฑุงุฏุฑุง ู ุณูุงู",0
"ุฎุณุชู ูุจุงุดุฏ",0
"ุณูุงู",0
"ุณูุงู ุฎุณุชู ูุจุงุดุฏ ฺฉ ุณูุงู ุฏุฑ ุขูุฏู ุจุดุชุฑ ุงุฒ ุงูพูฺฉุดู ูุง native ุงุณุชูุงุฏู ุฎูุงูุฏ ุดุฏ ุง ุชุญุช ูุจ pwa ?",1
"ุณูุงู ฺฉุณ ูุฏููู ุงุฒ ฺฉุฌุง ูุชููู ุฏูุฑู ูุง ฑฒ ูุฏูโ ุฑู ุฑุงฺฏุงู ุจุจููุ",1
"ุงุฒ ููููู ูุง ููุฌูุฏ ุฏุฑ ุณุงุช ูุง ุฎุงุฑุฌ ุงุฏู ุจฺฏุฑู",1
"ุฎู ุณุฎุชู ุจุฎุงู ุฏุฒุงู ุฎูุจ ุฏุฑ ุจุงุฑู",1
"ุงููุฒุด ุจุจู",1
"ุณูุงู ุฏูุณุชุงู ฺฉุณ ุฏุฑ ุฒููู ui ู ux ูุชููู ฺฉูฺฉู ฺฉููุ ูู ฺฉ ุจุฑูุงูู ููุจุงู ุณุงุฎุชู ูุฎุงู ุธุงูุฑ ู ุชุฌุฑุจู ฺฉุงุฑุจุฑ ุงูุฒุงุด ุจุฏู",1
"๐บ ุขููุฒุด ููุช HTML ((100% ุฑุงฺฏุงู))  ๐ ุงูุฌุง ููุดู ุขููุฒุดโูุง ูพุงู ุทุฑุงุญ ุณุงุช + ุทุฑุงุญโูุง ุฎูุงูุงูู + ฺฉุฏ ูโุฐุงุฑู. ๐ https://t.me/+erh0E4RDTRszZTI0  ๐ค ูโุฏููุณุช ฺฉู HTML ูู Base ุงุฏฺฏุฑ ุทุฑุงุญ ุณุงุช ูุณุช ุุ!! ูพุณ ุชุง ูพุงฺฉ ูุดุฏูุ ุนุถู ุดู ๐๐",1
"ูุจู ุงุฒ ุงูฺฉู ุฑุงู ุทููุงู ุจุฑุฏ ู ุจุฎุงุทุฑ ุจุงุฒุงุฑ ฺฉุงุฑ ูพุดููู ุจุดุฏุ ุจูุชุฑู ุงูู ู ุชุญูู ฺฉูุฏ.  ุจุจูุฏ ูุฑ ุฒุจูู ุจุดุชุฑ ุชู ฺู ุญูุฒู ุง ฺฉุงุฑ ุฏุงุฑู ู ูุฒุงู ูููุนุช ฺฉุงุฑ ู ุจุฑูุงูู ููุณ ุฑู ุจุดูุงุณุฏ.  ุจุนุฏ ู ุญูุฒู ุฑู ุงูุชุฎุงุจ ฺฉูุฏ ู ุฒุจูููุง ูุงุฒูโ ุงูู ุฑู ุงุฏ ุจฺฏุฑุฏ.",1
"ูุซูุง ุจฺฏ ูพุงุชูู ุฒุจุงู ุฎูุจู ุงููู ุงุฏ ูฺฏุฑู ุงู ุงุดุชุจุงูู",1
"ูุนูููุง ุงุฒ ุฑู ูุฏู ู ุนูุงูู ุฒุจุงู ุจุฑูุงูู ููุณ ุงูุชุฎุงุจ ูุดู ุงุฒ ุฑู ุฒุจุงู ุจุฎูุงู ูุฏูู ูุดุฎุต ฺฉูู ุฒุงุฏ ุฌุงูุจ ุฏุฑููุงุฏ",1
"ูุดฺฉูู ุฏูุฑู ูุณ ูุดฺฉูู ุงูู ฺฉ ุชู ุฌุง ุงุฑุงู ูุฎุงู ุชุงุณุฑุนุช ุฏุงูููุฏ ุจุดุชุฑ ุจุงุดุน. ๐ฅฒูู ูุณ ุชูุชูฺฏุฑุงู  ุฏูุฑู ู ูพ ุฏ ุงู ุฒุงุฏุฏุงุฑู",1
"ุฏูุฑู ุฎูุจ ุฏุงุฑู",1
"ูพุงุชูู ุฑู ุงุฏุงูู ุจุฏู ุชููู ฺฉู",1
"ุฑุฒููู ุงู ฺุทูุฑู ุจุฒุฑฺฏูุงุฑุงู ุ ฺฉุงูุงู ูพุฑููุงูู ฺฏุฐุงุดุชู ุชู ฺฏุฑูู ูุง ููุดู ูุฑุณุชุงุฏ",1
"ููุฏููู ฺ ุฒุจุงู ุฎูุจู ูพุงุชูู ุฑู ููุฏุงุฑ ุฏุงุฑู ุงุฏูฺฏุฑู...",1
"ุฏุฑูุฏ ุฏูุณุชุงู  ูพุฑูฺู ูุง ุฏุงูุดุฌู ุจุฑูุงูู ููุณ ุณ ุดุงุฑูพ ู ุณ ูพูุงุณ ูพูุงุณ ูพุฐุฑูุชู ูุดู.",1
"ฺู ุฒุจุงู",1
"ุฏูุฑู ูุง ุฏฺฏู ูู ุฎูุงุณุชุฏ ู ุชููู ูุนุฑู ฺฉูู",1
"ุฏูุฑู  ฺูู ูุดู ุงุณุชุงุฏ ูุณ ุชู ูุชูุจ ุฑู ุจุจูุฏุ ุงูู ุงูฺฉู ุงุฒ ุฑู ฺฉุชุงุจ ูพุด ู ุฑูุ ุจุนุฏู ุฒุฑ ุจู ุฑุฒ ูฺฉุงุช ฺฉุงุฑุจุฑุฏ ุฑู ู ฺฏูุ ูู ุฎูุฏู ุฏูุฑู ุฒุงุฏ ุฏุฏูุ ุงูุง ุชุฏุฑุณ ุดูู ูุงูุนุง ุจู ูุธุฑู ุฎูุจู ู ูุงุจู ููู",1
"https://digiato.com/artificial-intelligence/google-introducing-opal  ฺ ุจฺฏู ุงูู ุงุฒ ุงู ุฎุจุฑ",1
"ููุธูุฑู ุงู ุจูุฏ ฺฉู ุญุช ุงฺฏู ูููุน ุงุฏ ฺฏุฑูุชู ุงุฒ ุงูู ูุณุงูู ูุฑุงุฑ ฺฉูู ุจุงุฒ ุจุนุฏูุง ฺฉู ูุฎูุงู ฺฉุฏ ุจููุณู ุฎูุฏุจุฎูุฏ ูพุด ูุงุฏ",1
"ุฎุจ ููุช ุงุฏูฺฏุฑู ฺุทูุฑ ฺฉุฏ ุจุฒูู:/",1
"ุงุฒ javascript ูุดู ฺฉุฏ cpp ุฑู ูุฑุงุฎูุงู ฺฉุฑุฏุ",1
"ุฎุฑ๐ชด",0
"ุงฺฏู ูุงุณู ุงุฏ ฺฏุฑูุชู ูู ูุดู ูุงุณู ฺฉุฏููุณ ูุดู.",1
"ุฎุจ ฺฉุชุงุจ ุงุฒ ูุจุณุงุช ุจุฎููู ฺฉ  ฺุดุงู ุถุนู ูุดู๐ฅฒ ุฏูุฑู ุฑุงุญุชุชุฑู",1
"ฺฉุชุงุจ ุง ูุทุงูุจ ูุชูุฑฺฉุฒ ูุจุณุงุช ููุงุจุน ุจูุชุฑ ุจู ูุณุจุช ุฏูุฑู ูุง ูุฏุฆู ูุณุชู. ุฌุฒุงุช ุฑู ุจุดุชุฑ ุจุฑุฑุณ ูฺฉูู.",1
"ูุงูุง ูู ูุฑ ฺ ฺฉุฑุฏู ฺฉุงุฑ ูฺฉุฑุฏ",0
"ฺุฑุง ุจุง vpn",0
"ฺฉููพุงููุช ฺฉุงุฑ ููฺฉูู",1
"ูู",0
"ฺฉุณ ุงูุฒููู ุฎูุจ ai ุจุฌุฒ ฺฉููพุงููุช ุจุฑุง vscode ุง intellij ูุดูุงุณูุ",1
"ุณูุงู ฺฉุณ ุฏูุฑู ูุง ุจุฑูุงูู ููุณ ุฑู ุจุฏูู ุงุดุชุฑุงฺฉ ุชู ุงูพุงุฑุงุช ุฏุงุฑู ูุนุฑู ฺฉููุ",1
"ฺฏุฑูู kotlin ูุฏุงุฑู ุ",1
"ฒฐ ุชุง ฑดฐ ูููู  c++  ุฒุจุงู ุฎูุจู ุงฺฏู ุดฺฉ ุฏุงุฑ rust ุงุฏ ุจฺฏุฑ ฒฐฒธ ูู ฺฉุฑุจูู ูุงุฏ",1
"c++?",1
"ุฏูุฑู ฺูู ูุดู ุงุณุชุงุฏ ูุณ ุชู ูุชูุจ",1
"ุจุฑุง ุดุฑูุน ุฒุจุงู c ุงุฒ ฺู ููุจุน ูุงุฑุณ ุฒุจุงู ุดุฑูุน ฺฉูู ููููู ูุดู ุฑุงูููุง ฺฉูุฏ",1
"ุฏูุณุชุงู ุณูุงู",0
"ุณูุงู",0
"ุฏุฑ ุญุงู ูพุงฺฉ ุดุฏู โ๐",0
"ุฑูุชู ุุุ!!! ุจุฑุฏุงุงุงุงุฑู ุุุ!! ๐๐๐",0
"ุงุฒ ุณุงุช ุฎูุฏุด ุฏุงูููุฏ ฺฉูุ ููู ฺฉู ฺฏูุช ุจุฒู ูุฑูุฑฺฏุฑ",1
"๐ ูุณุช VIP ฺฉุงูุงูโูุง ู ฺฏุฑููโูุง ูุฎู ูุง https://t.me/addlist/d6YGwhX12xBlNmE0",0
"ุงฺฏ ูุซูุง ุฎู ุญุฑูู ุง ุจุดู ูุงูุงูู ฺูุฏุฑ ูุดู ุญุฏุงูู ฺฉุณุจ ุฏุฑุขูุฏ ุฏุงุดุชุ",1
"C++",1
"ฺฉุฏูู ุฒุจุงูุุ",1
"ุชูุงุถุง ุฏุงุฑู ุฏฺฏูุ",1
"ูฺฏู ุจุฑุง ุงู ุฒุจุงู ุจุฑูุงูู ููุณ ุจุงุฒุงุฑ ฺฉุงุฑ ูู ูุณุชุ ููุธูุฑู ุชู ุณุงุชุง ูุฎุชูู ูุณุช..",1
"ุฏุฑ ูุฑูุฑฺฏุฑ ุจููุณุฏ ุฏุงูููุฏ ูฺูุงู ุงุณุชูุฏู ฺฉุฏ",1
"ุฎุจ ููุฏููู ุงุฒ ฺฉุฌุง ุฏุงูููุฏ ฺฉูู",1
"ุฏุงูููุฏ ฺฉูุฏ ุงูู",1
"ุจุฑุง ููุฏูุฒ 11",1
"ูุฎูุงู ูุตุจุด ฺฉูู",1
"ูุดฺฉู ฺู",0
"ุจูู",0
"ุณูุงู ฺฉุณ ุจูุฏู ุจุฑูุงูู visual studio ฺุทูุฑ ูุตุจ ูุดูุ",1
"ุงูุง ุงุฒ ุจู ุงู ุฏูุชุง. ูฺฉ ฺฉูู ุฏูู ุจูุฏ ุจุง ูุณุฎู ูุง ุฌุฏุฏุชุฑ ogl ููุงููฺฏุชุฑ ุจูุฏ.",1
"ุณูุงู ุฏูุณุชุงู.  ฺฉูุงุณ ุขููุฒุด ุฎูุจ ุขููุงู( ุจุฑูุงูู ููุณ/ ุทุฑุงุญ ุณุงุช ) ุจุง ูพุดุชุจุงู ุณุฑุงุบ ุฏุงุฑุฏุ   ุนู ูุฑ ุฌูุณู ุชูุฑู ู ุฑูุน ุงุดฺฉุงู ุฏุงุดุชู ุจุงุดู",1
"ูุงุณู ฺฉุงุฑ ฺฉู ุชู ุขูุฏู ุทููุงู ุณุฑูพุง ุจูููู ูพุดููุงุฏ ูุดู ogl ุจุง vulkan ุฌุงฺฏุฒู ุจุดู ูุฑ ฺูุฏ ุจุงุฏ ุฏุฑ ฺฉุงุฑ ูุณุช.",1
"ูพv ุฌุฒุงุช ุจูุฑุณุชุฏ",0
"ุจูุธุฑุชูู glew ุง glad ุจุฑุง ุงููพู ุฌ ุงู",1
"ุณูุงู ุจุจุฎุดุฏ ฺฉุณ ูุชููู ุฏุงฺฉูููุช ุจุฑุง ูพุฑูฺู ุฏุฑุณุช ฺฉูู ูุฒูุดู ูุฏู",1
"Visual studio code",1
"Visual studio",1
"ุฏูุณุชุงู  ุณูุงู ูู ูฺูุงู ุงุณุชูุฏู ุฑู ุจุงุฒ ูฺฉูู ุงูุดฺฉู ุจุงุฒ ูุดู",1
"ุงูุง ุจูู ุงูุงู ูุชูุฌู ุดุฏู  ุฏุฑุณุชู  ููููู",0
"ููุธูุฑ ูู ุฏุณุชู ฺฉู ideูุง ุจูุฏ ูุซ ฺฉุฏุจูุงฺฉุณ ุง ุฎูุฏ vs ุง vs code. ุฏุฑุณุชู ฺฉู ูุงุฒ ุจู ุงูุชุญุงุจ ู ูุตุจ ฺฉุงููพุงูุฑ ุฏุงุฑู ุงูุง ุจุด ุงุฒ ุชฺฉุณุช ุงุฏุชูุฑู. ุฎูุฏู ุจุง ide ฺฉุงุฑ ููฺฉูู ุงูุง ูฺฉ ูฺฉูู vs code ุฌุฒ ุฏุณุชู ideูุง ุจุญุณุงุจ ุจุงุฏ.",1
"ุฌุณุงุฑุชุง ุงฺฏุฑ ุงุดุชุจุงู ูฺฉูู ู ุงุณ ฺฉุฏ ฺฉ ุงุฏุชูุฑู ู ูุงุฒ ุจู ูุตุจ ฺฉุงููพุงูุฑ ูู ุฏุงุฑู ุจุฑุง ุงุฌุฑุง ุจุฑูุงูู ูุง( ุงุญุชูุงูุง ุดูุง ููุธูุฑุช ูุญุท ฺฉูพุงุฑฺู ูฺูุงู ุงุณุชุฏู ูุณุช)",1
"ูุตู ุงูู ุงุฎุฑุงุด  ุฏููู ุนููุงูุด ุฏุฑ ููุฑุฏ ูุฑู ุงูุฒุงุฑุง ููฺฉ ฺฏุฐุงุดุชู( ููฺฉ ide ูฺูุงู ุฑู ฺฏุฐุงุดุชู)",1
"ูพุฑูฺู ุฏุงุฑุฏุูพv",1
"ุจูู ุจูุฑูุงุฏ",0
"ุงฺฏู ุชุงุฒู ุงุฏฺฏุฑูุชู c ุง cpp ุฑู ุดุฑูุน ูฺฉูู ุจู ฺฉุงููพุงูุฑ ุงููุช ูุฏุฏ. ุจุง ide ูุซ visual studio code ุง ูุงูููุง ูุงุจุณุชู ุงุด ฺฉุงุฑ ฺฉูุฏ",1
"ุชู ูููฺฉุณ ุฎูุจู ุง ููุฏูุฒุ",1
"gcc ูุณุช ุฏฺฏู",1
"ูู ุชุงุญุงูุง ูุฎููุฏูุด",0
"ูุดู ุฑุงูููุง ฺฉูู",0
"ุจุงุจุง ูู ูููููู ฺฉู ุขุฎู",0
"ฺฉุฌุง ฺฉุงููพุงูุฑ ูุนุฑู ฺฉุฑุฏู",1
"ุณูุงู ููุชุชูู ุจุฎุฑ  ฺฉุณ ฺฉุชุงุจ ุขููุฒุด ุณ ูพูุงุณ ูพูุงุณ ุฏุงุชู ุงูุฏ ุฏุงุชูู ุฏุงุฑูุ",1
"ุจุงุฏ ูุนุงูุช ฺฉู  ูุซูุง ูพุฑูฺู ุงูพููุฏ ฺฉู ุงุฏุช ฺฉู ู ...  ุฎูุฏุด ุจุฑ ุงุณุงุณ ูุนุงูุช ฺฉู ุงูุฌุงู ูุฏ ุฎููู ูุงุฑู ุณุจุฒ ูฺฉูู",1
"ุนุน ุนู",0
"ุณูุงูุช ุจุงุดุฏ ุณูุงูุชูู ุฑู ุจูพุฑุณุฏ ู ุงุณูพู ูฺฉูุฏ",0
"ฺฉุณุง ฺฉู ูพุฑูฺู ุฏุงูุดุฌู ุจุง ุฒุจุงู C ูุฎุงู ูพุงู ุจุฏู",1
"ุฎุณุชู ูุจุงุดุฏ",0
"ุณูุงู ุฏูุณุชุงู",0
"ุจฺู ูุง ู ุณูุงู ุงุฒ ฺู ุฑุงู ูุง ูุดู ุงูู ุฎููู ูุง ฺฏุช ูุงุจ ุฑู ุณุจุฒ ฺฉุฑุฏุ",1
"ุนุฒุฒุงู ฺฉุชุงุจ ุขููุฒุด sfml version 3 ุณุฑุงุบ ุฏุงุฑุฏุ",1
"ุงูุง ุงุฑู ุฎุจ",0
"ููุธูุฑ ูพูุชูุฑูู ุจุงุฏ ุชูุณุนู ุจุฏู -",1
"ฺ ุฑูุ",0
"ุนู ฺ ุฎุจ ุงุตูุง ฺฉุงุฑุงุดู ุจุฑุง ูุง ฺฉูุง ุจุฑุฏู ุฒุฑ ุณูุงู -",0
"ูุงุฌ ุงูุง ุจุงุฏ ุฌุง ฺฏุฒูโ ฺฉูู ุฎุฏุง -",0
"ุจุนุฏ ููุช ุงุฒ ุงุชุงู ุจุฑูู ุงููุฏู ูุซู ุฌูุงุฒูโ ูุง ุจูุฏู",0
"ูุฏุง ุณุฑุชุ ุงุฒ ูู ฺฉู ุจุฏุจุฎุช ุชุฑ ูุณุช ู ุจุงุฑ ุณุฑ ู ุฏุงุณุชุงู ฑ ุฑูุฒ ฺฉุงูู ุจุฏุงุฑ ุจูุฏู ุจุง ุงูฺฉู ุฎูุงุจู ุจูุฏ ูู ุจุฒูุฑ ุจุฏุงุฑ ูููุฏู ุจูุฏู",0
"ุงุฑู ุฎุฏุง ุงุตูุง ูุง ุฏุฒุฏ - ุงุฑุฒุด ฺฏุฑู ูุงูู ูุฏุงุดุช -",0
"ุจูุชุฑู ฺฉุงุฑ:",0
"ูุง ุงุฎุฏุง",0
"ุฑูุชู ุงุฒ ูุงู ฺฉ ุฏฺฏู ุงุณุชูุงุฏู ฺฉุฑุฏู -",0
"ุงุตูุง ุณุช ููุดู ฺฉู ููฺฉ ฺฉูู -",0
"ุงุฑู ููู ุงูุฌุงู ุฏุงุฏู -",0
"ูู ฺุดุงู ุฏุฑุฏ ฺฏุฑูุช  ู ูุงูhpp  ูุงู ุดุจฺฉู ุนุตุจู ุจุนุฏ ุงู ูุธูู ููฺฉ ุฏุงุฑู ุงููุฌุง - ูฺ ุจู ูฺ ููุท ุงุฑูุฑ ูุฏู -",1
"ูุฒุฑูู ฺฏุฐุงุดุชู ุจุงู ฺฏุฐุงุดุชู ููู ฺุดู ุฏุงุฑู ุฏุฑุณุช ูฺฉูู ุฏููู ุณุฑูุณ ุดุฏู",1
"ููู ุฏููู ุณุฑูุณ ุดุฏู ุฑูุชู ฺฏุช ูุงุจูู ุฏุงุฑู ุฏุฑุณุช ูฺฉูู",1
"ุชู ููุ",0
"ุงูุดุจ ููู ูุถุฎุฑู ุฏูููู ุณุงุฏ -",0
"ุจฺู ูุง ุจุฑุง ฺฏุช ูุงุจ ู ุณูุงู ุฏุงุดุชู ฺฉุณ ุจูุฏู ู README.md ุฏุฑุณุช ุญุณุงุจ ุฏุฑุณุช ฺฉูู ุง ุณุงุช ุง ุฑู ูุดูุงุณูุ",1
"ู ุฎุฑูุฌ max_elemnet ูพููุชุฑ ุจู iterator ุงูู ฺฉุงูุชููุฑ ูุณ. ุงฺฏู auto ุจุฐุงุฑุฏ ุฎูุฏ ฺฉุงููพุงูุฑ ุชุงูพ ุฑู ุงูุชุฎุงุจ ูฺฉูู.   auto m = std::max_element( vec.begin(), vec.end());  std::cout << *m <<std::endl;",1
"ุชุงุจุน main ุชู ุฎุท ฒด ุชููู ุดุฏู. {  ุฌุง ุงุดุชุจุงู ุจุณุชู ุดุฏู",1
"ุฏูุณุชุงู ูููุน ูุตุจ ููุฏูุฒ. ูฺฏู ุฏุฑุงูุฑ ูุฏุงุฑ  ฺฺฉุงุฑ ฺฉูู  ุฏุงุฑูุฑ ูู ุฏุงูููุฏ ฺฉุฑุฏู ูุจูู ููฺฉูู",1
"ุฏุงุฏุงุด ูุตุจ ุงูุจููุชู ฺฉู ฺฉุงุฑ ูุฏุงุฑู ูฺฏู arch ูุณุช",1
"ุฑู ูุจ ูพุฌ ฺุทูุฑ static ip ุณุช ฺฉู ุฑู ุจูุฏ ูุณุชู ูู ุชู ุงูุชุฑูุช ุณุฑฺ ฺฉู ูุงุฑู",1
"Static ip ุณุช ฺฉุฑุฏู ฺฉู dhcp ูฺฏุฑู",1
"ุฏูุฑู ูุง ุฑุงฺฏุงู ฺฉุฌุง ุฏุงุฑู ุ ฺฉุฏูู ฺฉุงูุงู ุชูฺฏุฑุงู  ฺฉุณ ุฏุงุฑูุ ูุฎุตูุตุง ุฌุงูุง ุงุณฺฉุฑูพุช ุจุฒูุฑู",1
"๐๐๐๐",0
"ุงุฑู ุฏฺฏ ุงุฒููุฌุง ุฏุฏู ๐๐",0
"ูพุณ ุฌุง ุจุฑู ุณูุงูุชู ุจูพุฑุณ ฺฉู ูุทูุนู ุจุงุด ุจูุฏ ุจุงุดู ูพุงู ุจ ุฑุจุท ฺฏุฑูู ูู ููุฑุณุช ุงูุฌุง ูู ุจู ูุด",0
"ุชู ูุงุณุช ุฑุณูุชู ูุณุชุด ูุฏุฑ ุฌุงู ุงูุง ูุทูุง ุจู ูุฒูู",0
"ุชุจูุบ ุจูุฏู ู ูู ุงฺฏู ูโุฏุฏู ุงุฎุฑุงุฌ ูโฺฉุฑุฏู",0
"ุณุทุญ ุณุฆูุงู : LEGEND",0
"ุฎูุจ ูุฎุงุณุชู ุจุจูู ุฌุฑุงู ฺ ุจูุฏู ุงฺฏู ูุงุฒ ุจู ุงุฎุฑุงุฌ ุจูุฏู ูู ุงุฎุฑุงุฌ ฺฉูู",0
"ฺูู ูุทูุฆูู ุจูุฏ ูุณุช :|",0
"ุงฺฏุฑ ฺฉุณ ุจูุฏ ุจูุฏ ูพุงุณุฎ ุจุฏู ุจูุชูู ุฏุฑ ุบุฑ ุงูุตูุฑุช ูุชุงุณูู",0
"ฺุฑุง ุงุฒ ูู ููพุฑุณ ุงุฒ ุฎูุฏุด ุณูุงู ฺฉู",0
"ุจูุฏู ุฎุฏุง ููู ุฑูู ฺฉุฑุฏู ฺูู ูุนุงูุช ููุฏู ุฒุงุฏ ุจูุฏู !",0
"ูฺฉ ูฺฉู ุงุฏูู ุงู ฺฏุฑูู ุงูู ุจูุฏู ุ",0
"ุณูุงูุชู ุฑู ุจุงุฏ ุชู ฺฏุฑูู html ูพุฑุณุฏ",1
"ุงุฑู",0
"https://t.me/Group_HTMLDev",1
"ุจฺู ูุง ููุธูุฑุชู ๐ค",0
"ูฺ ูุฏุฑ ุฌุงู ุจุง ุตุญุจุช ุญู ุดุฏ ๐โค๏ธ",0
"ุณูพุงุณ ุงุฒ ุฏุฑฺฉ ู ููฺฉุงุฑุชูู ูููู ุจุงุดู ูู ูุดฺฉู ูุฏุงุดุชู ูฺฏุฑูู ุฎูุฏู ุญุฐู ุง ุจู ุง ... ุงูุฌุงู ูุฏุงุฏู ๐",0
"ุฌุฑุงู ฺู ุ",0
"ูุฏุง ูุทูุช",0
"ูุฏุฑ ุจุจูู ูุซู ูู ุญุฑู ููุฒูู ู ููุฑ ุจู ูุด ุงุฒ ูู ฺฏูุชู ุจูุฏ ูููู ุจุงุด ๐คทโโ๐คทโโ",0
"ุงฺฏุฑ ุจุงุฒ ูุดฺฉู ูุณุช ุชุง ุญุฐู ฺฉูู",0
"ุจฺู ูุง ฺฉุณ ุจุง esp idf ฺฉุงุฑ ฺฉุฑุฏูุ  ุจุฑุง ุงุชุตุงูุงุช gpio ูุดฺฉู ุฏุงุฑู ุชุงุฒู ูุตุจ ฺฉุฑุฏูุด  ุงฺฏุฑ ุจูุฏู ุจุงู ูพ ู",1
"ูพูู ุงุฒ ฺฉุณ ููฺฏุฑู ูฺฏู ฺฉุณ ุฏููุช ฺฉูู ฺฉู ุฑุจุงุช ุฑู ุฑุงฺฏุงู ุจุฑุง ููู ุจุงุฑู ุจุงูุง",1
"ุฏุงุฏุงุด ุชุจูุบ ฺฉุงุฑู ฺฉู ูุณุช  ูฺฏู ฺฉุณ ูุณุช ฺฉูฺฉ ฺฉููุ ุฑุจุงุช ุฑุงฺฏุงู ูุณุช!",1
"ุญุฐู ฺฉู ุชุง ุจู ูุดุฏ",0
"ุชุจูุบ ูฺฉู !",0
"https://codeforces.com/problemset/problem/2126/C ุจุฑูุงูู ุงู ฺฉุฏ",1
"ุงุฒ ฺู ููุจุน ุด ฺฏุฑุงุฆ ูุฎููู ุฑุงูููุง ูฺฉูู ูุทูุง",1
"ุณูุงู ูุดู ุจฺฏู ุด ฺฏุฑุงุฆ ุฑู ุงุฒ ฺฉุฌุง ุฏุงุฑู ูุทุงูุนู ูฺฉูู",1
"https://t.me/Group_Networks/18726https://t.me/Group_Networks/20758",0
"ุงูุฌุง ููฺฉุด ูุณุช",0
"ุณูุงู ุจฺูุง ฺฉุณ ฺฏุฑูู ูฺฉ ู ุงููุช ุฏุงุฑู ุจุฑุงู ูพ ู ุจูุฑุณุชู ุ   ูุงุฒู ุฏุงุฑู",1
"34 ูพุงู ุจุง ููููุช ุญุฐู ุดุฏ. 85 ูพุงู ูุจูุงู ุญุฐู ุดุฏู ุจูุฏ.  ุฒูุงู: 0.383 ุซุงูู",0
"https://t.me/Group_Networks/18726https://t.me/Group_Networks/20758",0
"ููููู ูุดู",0
"ููฺฉ ฺฏุฑููุดู ูุฏุฏ ุจูู",0
"ุจุฑุง ุจุงุฒ ูุง ฺฉู ุจุง ฺูุฏู โฺฏุฑุงูฺฉ ูุฎุชูู ู ุจุงุฒ ูุง ุฎู ุณูฺฏู ฺฉู ูุงุฒู ุจู ุฏุฑุงูุช ถฐ ูุฑู ุจุฑุง ุณุฑุนุช ุงุฌุฑุง ุงุฌุฑุง ุฎูุจ ุจุฏู โู ุจุงุฒ ูุง ุฎู ุญุฑูู ุง ุชุฎุตุต    C++   ุฏุฑฺฉู ุทุจู ุขูุงุฑ ุจุดุชุฑู ฺฏู ูุง ุณูุช ุฏุณฺฉุชุงูพ ุจุง ุณ ูพูุงุณ ูพูุงุณ ููุดุชู ุดุฏู... ุง ุจุดุชุฑู ููุฏุงุฑ ุงุณุชูุงุฏู ุฏุงุดุชู...   ุฏุฑฺฉู ุจุญุซ ููฺฏ ุฏุฑุณุช  C# ูู ฺฉุงุฑุจุฑุฏ ... ูู ูู ุฏุฑ ุจุญุซ ููู ุชุฎุตุต ุจุงุฒ ูุง ุจุง ูพุฑุฏุงุฒุด ูุง ุณูฺฏู ฺฉูุชุฑ ุงุฒุด ุงุณุชูุงุฏู ูุดู...ุชุง c++",1
"ุจูู",0
"ูพุงู ุจุฏุฏ ุจู ฺฏุฑูู ุงููุช ู ุดุจฺฉู ุฑุงูููุง ูุดุฏ๐ชด",1
"ฺฉุฏุงุฏ",1
"ุจุฑุง ูุฑุงุด ุนฺฉุณ ู ูุชูุดุงูพ ฺฉุฏูู ููุด ูุตููุน ุฑู ูพุดููุงุฏ ูฺฉูุฏุ",1
"ูพุงู ุจุฏุฏ",0
"ฺฉุณ ูู ุฏุงุฎู ูุชูุจ ุฑูุฑูุณ ูุงุฑุณ ุงููุฒุด ูุฏู - ุฎูุฏู  ูุจูู ุฏุงุฑู ุฏุฑ ุงู ูุจุญุซ ุงููุฒุด ูุง ุฒุจุงู ุงุตู ุฎู ุจูุชุฑู  ุชุง ู ุฌุง ูู ุฏูุจุงู ฺฉุฑุฏู ุงูุง ุฎุจ ุจุฑุง ุจุนุถ ูุจุงุญุซ ูุงูุนุง ุฑูุฑูุณ ูุงุฑุณ ูุงุฒ ููุฏู-",1
"ุฏูุฑู ูุงูุง ูุชูุจ ูู ูฺฏุงู ูฺฉูู ุ ุชุง ู ุฌุง ุจูุฏ ูุด ุจุนุฏุด ุจุงุฏ ุจุจู ุจูู ฺ ู ฺุทูุฑ ููุด ูุตููุน ุงููุฒุด ุฏุงุฏู",1
"ุณูุงู ููุช ุจุฎุฑ ุขููุฒุด ุฒุจุงู c ู c++ ูุนุฑู ูฺฉูุฏ",1
"ูู ุชุฑู ด ูููุฏุณ ููุงูุถุง ูุณุชู ุจู ุงู ุงุตูู ู ูุฑุงุชุจ ุงููู ูุณูุท ูุณุชู - ุงฺฏุฑ ูุฏุนู ุง ุฏูุฑู ูุดุฎุต ุฏุงุฑู ูุทูุง ุฑุงูููุง ฺฉูุฏ-",1
"ุฑุงุถ ุจุฎูู ุงูู ุ ุฑุงุถ ฑ ฒ ุฏุงูุดฺฏุงู ุ ุงฺฏุฑู ุฎููุฏ ูุจุงุญุซ ุฑุงุถ ฒ ุฑู ูุฑูุฑ ฺฉู ุจุนุฏุด ุจุฑู",1
"ููููู ูุดู ุฑุงูููุง ฺฉูุฏ - ฺฉูฺฉ ุจุฒุฑฺฏ ุจู ูู ูฺฉูู-",0
"ุณูุงู ฺฉุณ ุจุฑุง ูููฺฉุณ vpn ุณุฑุงุบ ูุฏุงุฑู ููููุฏุฑ ฺฉู ฺฉ ุฏู ุจุงุฑ ูุตู ุจุดู ฺฉุงุฑ ฺฉูู ฺฉุงูู",0
"ุณูุงู ุฏูุณุชุงู ูพ ุฏ ุงู   ุณุงุฎุชูุงู ุฏุงุฏู ุฌุนูุฑ ูฺุงุฏ ุฑู ุฏุงุฑูุ",1
"ุณูุงู",0
"ฺฉูู",0
"ุฏุงุฎู ูพ ู ูพุงู ุจุฏุฏ ุฑุงูููุง",0
"ฺฉุฌุง ูุชููู ุดุฑูุน ุจู ฺฉุงุฑ ฺฉูู ุ",1
"ุจูุฑูุงุฏุฏ",0
"ุณูุงู ฺฉุณ ุดุบู ุจุฑุง ุทุฑุงุญ ุณุงุช ุณุฑุงุบ ุฏุงุฑู ุ ุฑุงูููุงู ู ฺฉูุฏ ุ",1
"ูพุงู ุจุฏุฏ",0
"ุง ฺฉูุง ุฒุจุงู ุจุฑูุงูู ููุณ c++",1
"ูฺฉ ู ุงููุช",1
"ๅจ ฺู ุฑุงุจุทู ุง ุ",0
"ุณูุงู ุจุฑู ุจฺ ฺฉุณ ุงูุฌุง ฺฉุณ ูุณุช ุจุฑุง ุฑุงูููุง",0
"ุจูู",0
"ุนู ุณูุงู",0
"ุฏุงุดุชู ูุตุจุด ูฺฉุฑุฏู ุจุง ุฏุณุชูุฑุงุช ููุด ูุตููุน ูุฒุฏู ุงุฑูุฑ ูุฏู ูุตุจ ููุดู",1
"ุณูุงูุช ฺู",0
"ุฏุงุดุชู",0
"ุณูุงู ฺฉุณ ุจุง ubuntu  ูููฺฉุณ ูุตุจ ฺฉุฑุฏู",1
"ูู ูููุฒู ุฑู ุญุฑูู ูุณุชู ูพุงู ููุดูู cpp ุนู ฺูู ุฎู ุงุฒ ูุฑููุฑฺฉ ูุง ฺฉู ุจุฑุง ุฒุจุงู ูุง ุฏฺฏู ููโ ูุงุฏ ุจุฑุง ุจููู ุณุงุฒุด ุจุงุฒ cpp ฺฉูฺฉ ฺฏุฑูุชู   ฺฉู ุฒุงุฏ ุฑู ุงู ููุถูุน ุชุนุตุจ ุฏุงุฑู",1
"ููุท OpenGL",1
"ฺุฑุงุูุฏู ุฎุจ.",0
"ุงูุง ุฎู ุงุฒ ฺฏู ูุง ุฏฺฏู ุจุง c# ูู ููุดุชู ูุดู",1
"ฺูู ููุท ฺฏูุง ฺฉ ูุฑุงุฑู ุฎู ุฎูู ุจุงุดู ุจุง cpp ููุดุชู ูุดู",1
"ุญุฑูุช ุฏุฑุณุชู  ูู ุชุง ุฌุงฺฉ ูฺฏูุชู ุจูุฏ 95 ุฏุฑุตุฏ ุจุงุฒ ูุง",1
"ุงูุงู ู ุจุงุฒ AAA ุจุง ุฒุจุงู ุฏฺฏู ุง ููุดุชู ุดู ฺฏุฑุงูฺฉ 5090 ูู ุฏุงุดุชู ุจุงุด ุจุงูุฑ ฺฉู 30 ุชุง ูุฑู ูู ููฺฏุฑ ุดุงุฏ ุฒุฑ 15 ุจุงุดู ุงุตู ุชุงุฎุฑ ุชู ุนููฺฉุฑุฏ ูุง ุงูุงู ุฏฺฉูู ุจุฒู 10 ุซุงูู ุจุนุฏ ุงูุฌุงู ุจุฏู",1
"ู ุจุงุฒ ุจุง ููุท ู ุฒุจุงู ุจุฑูุงูู ููุณ ูุณุช ฺฉู ฺฉูุงุฑุด ฺุฒุง ุฏฺฏู ูู ูุณุช ูู ูพุงู ููุดูู cpp ุนู ฺุฑุงุ!ุ ุณุฑุนุช ุจุงูุง ูุจู ุงุฌุฑุง ุดุฏู ฺฉุงููพุงู ูุดู ุชุจุฏู ุจู ุฒุจุงู ูุงุดู ูุดู ูุฏุฑุช ุญุงูุธู ุฏุงุฑู ุจูุชุฑู ุจููู ุณุงุฒุง ุงูุฌุงู ูุดู ุจุงูุงุด ุญุงูุง ุงู ูุณุท ูุญุงุณุจุงุช ุณุงุฏู ฺฉู ฺูุฏุงู ุชุงุซุฑ ูุฏุงุฑู ูุชููู ุจุง ุฒุจุงู ูุง ุฏฺฏู ุจุงุดู ูู ุงุตู ฺฉุงุฑ cpp",1
"ูพุณ c# ฺ ูุดู ุฏูุณุช ุนุฒุฒุ",1
"ุนุฒุฒ ุฏูู ุจุฑุง ฺฏุฑูุชู ุจูุชุฑู ูพุฑููุฑููุณ 95 ุฏุฑุตุฏ ุจุงุฒุง ุจุฑ ูพุงู  cpp ูุณุชู",1
"ุงู ุฏฺฏู ูุณุฎุฑู ุจุงุฒู",0
"ุฏุงุฏุงุด ูุง ุจุง ูพุงูพ ูุงู ุฏุงุฑฺฉุช ุงฺฉุณ ูุนุชุงุฏ ุดุฏู",1
"ุง ุจุงุฒ ูุง ุญุฑูู ุง ุจุฑุง ฺฉูุณูู ู ูพ ุณ",1
"ุชุญุช ูุจุ!ุ",1
"ุจุนุฏุดู ุจุงุฒ ุนู ฺ ูุฎูุง ุจุณุงุฒ",1
"ุงุตูุง ูฺฉุฑุดู ูฺฉู",0
"ุจุง cpp ู qt ููุดุชู ุดุฏู",1
"ูุซุงู ุฌุงูุนโุงุด ูู ุชูฺฏุฑุงู ุฏุณุชฺฉุงูพ",1
"ู ูุฑููุฑฺฉ ุจุฑุง ููุดุชู ููุฏูุฒ ุงูพูฺฉุดู ุจุง ูพุงุชูู ู cpp",1
"c# ู Rust ู Go ูู ุชู ููู ุญุฏูุฏุง ูุณุชุด.",1
"ุณูุงู ฺฉุณ ุจุง poweshell ubunto ุฑู ูุตุจ ฺฉุฑุฏู",1
"ูฺฏู ุจุง ุฒุจุงู ุฏฺฏู ูุชูู ูพุฑููุฑููุณ ุจู ุงู ฺฉูุช ุจฺฏุฑุ!ุ",1
"ุณูุงู ุงููุฒุด ูุงุดู ูุฑูฺฏ ุง ุดุจฺฉู ุนุตุจ   Neural network ุจุง ุณ ูพูุงุณ ูพูุงุณ ฺฉุณ ุณุฑุงุบ ุฏุงุฑู ุุ-",1
"QT ฺูุ",1
"ุฏุฑ ุขูุฏู ุจุฑูุงูู ููุณ ูุง ฺฉู ุจุง ููุด ูุตููุน ู ูุฑููุฑฺฉ ูุง  ู ุชฺฉููููฺ ูุง ุจุฑุชุฑ ูุซู  QT , Node.js, Kotlin ุชุณูุท ุฏุงุฑูุฏุ ุจุงุฒุงุฑ ฺฉุงุฑ ุฎูุจ ุฎูุงููุฏ ุฏุงุดุช",1
"ุจุฑูุงูู ููุณ ุฌูููุฑ ู ฺฉุงุฑ ุขููุฒ ูุง ุงุญุชูุงู ุฒุงุฏ  ุญุฐู ูุดู ุ   ุฑุณูุง ูููุฏุณ ูุง ูุฑู ุงูุฒุงุฑ ูุงู  ุณุฑฺฉุงุฑ ู ุตุฑูุง ู ูุฑููุฑฺฉ ุฌุงูุง ุงุณฺฉุฑูพุช ู ูพุงุชูู ุงุฏ ฺฏุฑูุชู ูุงุฏู ูุฏุงุฑู",1
"ุจุฑูุงูู ููุณ ุญุฐู ููุดู ฺฉุณ ฺฉู ุจุง ููุด ูุตููุน ฺฉุงุฑ ูฺฉูู ุญุฐู ูุดู  ููู ููุด ูุตููุน ุจุงุฒ ฺฉ ููุฑ ุจุงุฏ ุจูุด ู ุฏุณุชูุฑ ุจุฏู ุฏฺฏู ุงูู ูุดู ุจุฑูุงูู ููุณ",1
"ุณูุงู ุฏูุณุชุงู ุฎุณุชู ูุจุงุดุฏ ูู ุชุงุฒู ู ุฎูุงู ูุงุฑุฏ ุจุฑูุงูู ููุณ ุดู ุงุฒ ุงู ูุชุฑุณู  ฺฉู ุฌุฏุฏู  ููุด ูุตููุน ูุงุฑุฏ ุจุฑูุงูู ููุณ ุดุฏู  ู ุฏฺฏู ฺฉุงููุงู ฺฉุงุฑ ุจุฑูุงูู ููุณ  ุญุฐู ุจุดู",1
"ุงุฑู ุงูู c ูุซูุง ูุง printf ุฏุงุฑู ูู ุชู ุงูู ฺฉ ++C ุฏุณุชูุฑ cout ุฏุงุฑู ุฌุงุด",1
"ฺฏูุชู ุงุฑู",0
"ุงูุง ฺฉู ุงูุง ููุช ฺฉู ุณ ูพูุงุณ ูพูุงุณ  ุฑู ุงุฏ ูฺฏุฑ ุงูู ุจุงุฏ ุณ ุฑู ุงุฏ ุจฺฏุฑ ุจุนุฏ ุจุฑ ุณุฑุงุบ ูพูุงุณ ูพูุงุณ ุณุด ุงฺฏู ุฎูุงุณุช",1
"ุฌูุชุด ุงูฺฉู",1
"C ุงุฏ ุจฺฏุฑู ุง c++",1
"ฺ",0
"ุงูู ุจูุฏู ุฎุฏุง ฺูุฏ ููุชู ุขู ูุณ",0
"Re",0
"ูู ุณุงุฒูุฏู ูุณุชู ฺฉู ุฏุงุฑู ูโูพุฑุณู",0
"ุณูุงู ุฏูุณุชุงู  ุขุง ุงุฑุฒุดุด ุฑู ุฏุงุฑู ฺฉู ุดุฑูุน ฺฉูู ุจู ุงุฏฺฏุฑ ุณ ูพูุงุณ ูพูุงุณ ุจุฑุง ุจุงุฒ ุณุงุฒุ",1
"ุงูุงู ฺฉ ุงุฒ ุดูุงูุง ุจุงุฏ raisin ุจุงุดู",0
"ุฎู ูููููู",0
"ุจุฒุงุฑุฏ ุจูุฑุณุชู",0
"ูููุฒ ูุดุฏู",0
"ููู ุฌุง ูฺฏู  ูู ุงุฒ ฺูุชุง ูพุฌ ุฑุณู ุฏููุช ุฏุฏู",0
"ุจุฑูุงูู ุง ุฑุงูฺฉุงุฑ ฺู ุ ูุทูุง ุฏูุณุชุงู",0
"ุฎุจุฑุด ุชฺฉุฐุจ ุดุฏ",0
"ุณูุงู ุณูุงู  ุฏูุณุชุงู ุจุง ุชุตูุจ ูุงููู ุงูุชุฑูุช ูู ููู ุฒูุฏฺฏู ู ฺฉุงุฑู ุงูุชุฑูุช  ุจุงุฏ ฺฺฉุงุฑ ฺฉูู ุุุุ๐ฅบ๐ฅบ๐ฅบ๐ฅบ",0
"ุญูู ฺุดุงุชู ูุฑุณ",0
"ฺุช ุฌ ูพ ุช",1
"ูุณุชุ",0
"ุณุดุชุฑ",0
"ุณูุงู.ฺฉุณ ููุด ูุตููุน ุณุฑุงุบ ุฏุงุฑู ฺฉู ฺฉุฏ ุฑุงฺฏุงู ุจุฏูุ",1
"ูุง ูพุฏุง ฺฉู",0
"ูพุฏุง ฺฉู ุจุฑุงู",0
"ู",0
"ุฏูุฑู ุขููุฒุด ุณ ุดุงุฑูพ ุงุฒ ููุฏูุงุช ุชุง ูพุดุฑูุชู https://toplearn.com/courses/windows/%D8%AF%D9%88%D8%B1%D9%87-%D8%A2%D9%85%D9%88%D8%B2%D8%B4-%D8%B3%DB%8C-%D8%B4%D8%A7%D8%B1%D9%BE-%D8%A7%D8%B2-%D9%85%D9%82%D8%AF%D9%85%D8%A7%D8%AA%DB%8C-%D8%AA%D8%A7-%D9%BE%DB%8C%D8%B4%D8%B1%D9%81%D8%AA%D9%87",1
"ุฑุงฺฏุงู",0
"ุชุงูพ ูุฑู ุงุฒ ุตูุฑ ุฏุงุฑู ุฎูุจ ูู ูุณุช",1
"ุจฺู ูุง ุขููุฒุดฺฏุงู ูุงุณู ุชุฏุฑุณ ุงููุช ุดุจฺฉู ุชู ุชูุฑุงู ุจูุฏุฏุ",1
"ุณ",0
"ุณูุงู ุฏูุณุชุงู ุงฺฏุฑ ฺฉุณ ูุงู ุงููุฒุด ุจุฑุง c# ุฏุงุฑู ููููู ูุดู",1
"ููููู ฺฉุงุฑูุงุชู ุงูุณุชุงู ููฺฉุฏู ุจุฒุงุฑ ุงุตูุง ุณุงุช ูุง ูุฑููุณุฑ ุฎูุจ ูุณุช ุญุช ุฎุงุฑุฌ ูุงุดูู",1
"ุณูุงู ุฏูุณุชุงู ุฎูุงูุดุง ฺฉ ุงููุช ุจุฏู ุจู ูู ูู ฺฉ ุจุฑูุงูู ููุณ ุฏุณฺฉุชุงูพ ู ุทุฑุงุญ ุณุงุชู ูู ููุฏููู ุงุฒ ฺ ุณุงุช ูุฑููุณุฑ ุงุณุชูุงุฏู ฺฉูู ฺฉุงุฑููุณุฑ ู ูพููุดุง ูู ุจุฏุฑุฏููุฎูุฑู  ฺฉูฺฉ ฺฉูุฏ ฺฉูฺฉ ฺฉูุฏ ููููู",1
"ุจุงู ุฏูุฑู ูฺฏ ฺฉุณ ููู ูุดู ุนุฒุฒูุุุ",1
"ูุฑุณ",0
"ูุฑุณุชุงุฏู",0
"ูุดู ุจูุฑุณุชุ",0
"ูู ู ุฌุฒูู ุฏุงุฑู ุฑุงฺฏุงู ุงุฏ ุจฺฏุฑ.",1
"ุงู ุฏูุฑู cs50x iran ุฑู ุงฺฏู ุดุฑฺฉุช ฺฉูู ูพุงุชูู ุงฺฏู ุตูุฑ ุจุงุดู ููู ูุดูุ",1
"ุจู ุจุงุฒุงุฑ ฺฉุฑูพุชู ุฏู ูุจูุฏ ุจุฑู ุชู ูุบุฒุช ุณุฑูุงู ฺฏุฐุงุฑ ฺฉู ุจุดุชุฑู ุณูุฏู ุจุฑุงุช ูุฏู ุจุณุชฺฏ ุฏุงุฑู ฺูุฏ ุชูุงุด ุฏุงุดุชู ุจุงุด ุชูุงุด ุจุดุชุฑ ุณูุฏ ุจุดุชุฑ ูู ุณูุฏ ูุงู ูู ุณูุฏ ุฌุณูุงู",0
"ุณูุงู ุฎุณุชู ูุจุงุดุฏ ูู ถฐูููู ูพูู ุฏุงุฑู ฺ ุจฺฏุฑู ฺฉ ุณูุฏ ฺฉููุ",0
"ุงูฺฉ ฺูุฏ ุฏููู",0
"ุณูุงู  ุนฺฉุณ ุจูุฑุณุช ุชุง ุจฺฏู",0
"ููุชุ ฺุฑุง ูู ููุชููู ฺฉุงููฺฏู ู ุชู v2ray ููุฏูุฒ ูพุณุช ฺฉูู. ุงุฒ ฺูุฏุชุง ุณุงุช ู ุณุงุช ุงุตู ุฎูุฏุด ูู ุฏุงูููุฏ ฺฉุฑุฏู ฺูุฏุจุงุฑ",1
"ุจูุฑูุงุฏ",0
"ุจุงู ูพุ ุงุฌุงุฒู ูุณุชุ",0
"ููููู ูุดู ุฑุงูููุง ฺฉูุฏ",0
"ูู ุงู ููููุน ู ( :/ ) ุฎุฎุฎุฎุฎุฎุฎุฎุฎุฎุฎุฎุฎุฎุฎุฎุฎุฎุฎุฎุฎ",0
"ฺุทูุฑุ",0
"ูโุฎูุง ุฑุงูููุงุช ฺฉููุ",0
"ฺ ุฑุจุท ุฏุงุฑู ุฏุงูุด",0
"ูุฎูุงุณุชู ุดุฑูุน ฺฉูู  ูู ูฺ ุงุฏู ูุงุณู ุดุฑูุนุด ูุฏุงุฑู ฺฉู ุงุฒ ฺฉุฌุง ู ฺุทูุฑ ุดุฑูุน ฺฉูู",1
"ฺุทูุฑุ",0
"ุณูุงู ุขุฑู ุงูฺฉุงูุด ูุณ ูุซูุง ุญููุงุช MITM ุง ูุซูุง Brute Force ุง ูุฑูโุงูุฒุงุฑูุง ูุฎุฑุจ  ุฑูุฒ ุนุจูุฑ ุณุงุฏู ูู ฺฉ ุฏฺฏ ุจฺู ุฏูุณุงูู ูโูููู   ูุงุณู ูพุดโฺฏุฑ ูโุชูู ุขุฏุฑุณ Mac ุฑู ููุชุฑโฺฉู",1
"ุณูุงู ฺฉุณ ูุณุช ฺฉ ุจุฎุงุฏ ุฒุจุงู c++ ุฑู ุดุฑูุน โฺฉูู",1
".",0
"ุณูพุงุณ. ุฏูุณุชุงู ูโุฎูุงุณุชู ฺฉู ุงุฏูู ูุนุฑู ฺฉุฑุฏู",0
"@Group_Networks",1
"ุงฺฏุฑ ูุฎูุงุฏ ฺฉ ุงุฒ ุฏูุณุชุงู ูู ุชู ุญูุฒู ุงููุช ูุณุชู ุจูุชูู ูุนุฑู ฺฉููุ",1
"ู ฺฏุฑูู ุดุจฺฉู ู ุงููุช ูุณุช",1
"ุฎู ููููู ุชุดฺฉุฑ",0
"ฺฏุฑูู ูุฏุงุฑู ููู",0
"ูู ูุฏุงุฑู ุงฺฏู ุฏุงุฑุฏ ููููู ูุดู ุจุฑุงู ุจูุฑุณุชุฏ ุฎู ููููู",0
"ุงุฒ ูุชุฎุตุต ุงููุช ุจุงุฏ ุจูพุฑุณุฏ ุชู ฺฏุฑูู ูุง ุดุจฺฉู ู ุงููุช ูพฺฏุฑ ฺฉูุฏ",1
"ุณูุงู ูู ู ุดุฑฺฉุช ุฏุงุฑู ฺฉู ุชุญุช ุดุจฺฉู ูุงุฑูุณ  ูุณุชุด ูุฎูุงุณุชู ุจุฏููู ููฺฉูู ุจูุด ูููุฐ ุจุดู  ู ุงฺฏุฑ ููฺฉูู ฺุทูุฑ",1
"ฺฉุณ ุจุฑุง ฺฉููพุงููุช ุชู vscode ุชุงุญุงูุง ููุช ุฎูุฑุฏูุ",1
"19 ูพุงู ุจุง ููููุช ุญุฐู ุดุฏ. 93 ูพุงู ูุจูุงู ุญุฐู ุดุฏู ุจูุฏ.  ุฒูุงู: 0.554 ุซุงูู",0
"ุจุจู ฺ ุชู ูุฏูุช ุจู ุฏุฑุฏุช ูุฎูุฑู ูุซูุง ุฏูุณุช ุฏุงุฑ ุชุญููฺฏุฑ ุฏุงุฏู ุจุงุด ุจุดู ุงุฒููู ฺฉุง ุงุณฺฉูุฆุฑ ู ฺฏุงุฏู ุณุงุฒ ฺฉู ูู ุชูุฑู ฺฉู ู ฺฉูุงุณ ุฏุงุฑู 20 ููุฑ ุชูุดู ููุฑู ูุงุด ุงููู.....",1
"ุงุชูุงูุง ุงู ฺฉุชุงุจู ุฎู ุนุงูู ุฎู ุฎูุจ ุชูุถุญ ุฏุงุฏู ู ุงุฏ ุฏุงุฏู",1
"ุฎูุฏู ุงู ุชุฑู ุฏุงุดุชู ูพุงุณุด ฺฉุฑุฏู",0
"ุจุง ฺฉุชุจ ุชูุฑู ฺุฒ ุฒุงุฏ ุงุฏ ููฺฏุฑ ุชูุฑูุง ฺฉู ุฌูุงุจุดูู ูุณุช ู ุณุงุฏู ุณุช ุงุฒ ูู ฺฏูุชู",1
"ุจูุฑุณ",0
"ุงุฒ ููุด ูุตููุน ุจุฎูุง ุจูุช ุชูุฑู ุจุฏู ุชฺฉููููุฌุง ุชฺฉููููุฌุง",1
"ูู ุจูุฏู ูุทูุง ุจุฑุงู ุจูุฑุณุชุฏ",0
"ุจุจู ุฏูุฑู ุฏุฏู ูฺ ููุช ุชู ุฑู ููู ููฺฉูู ููุท ููุชูุฑุชู ุงุณุชุงุฑุช ูุฒูู ุจูุดู ุฎูุฏุช ุจุงุฏ ุจุฑ ุฏูุจุงูุด ุณุฑฺ ฺฉู ุจุฎูู ุจฺฏุฑุฏ ู ...",1
"ูุฎูุงู ููุจุนุด ุฎูุจ ุจุงุดู ฺฉ ุจุชููู ฺฉุงุฑ ฺฉูู ุจุนุฏ",1
"ูพุงุชูู ุฑู ูุฑ ฺ ุงุฏ ุจฺฏุฑ ุจุฏุฑุฏ ูุฎูุฑู",1
"ุณูุงู ุจูุธุฑุชูู ุจุง ุงุณุชุงุฏุฌุงุฏ ุจุฑูุงูู ููุณ ุฒุจุงู ูพุงุชูู ุงุฏ ุจฺฏุฑู ุงูฺฉูุ ุจุฏุฑุฏ ูุฎูุฑูุ",1
"ุณูุงู ูุดู pv  ุจูุฑุณุชุ ุฏูุช ฺฏุฑู",0
"ุงูฺฏูุณ ุจูุฏ ุจุฑุงุช ฺฉุชุงุจ ุฏุงุฑู ฑฐฐ ุชุง ุชูุฑู ู ฑฐฐ ูุดฺฉู ุจุฑูุงูู ููุณุง",1
"ุณูุงู  ูู ุชุงุฒู ุฏูุฑู c++ ุฑู ุชููู ฺฉุฑุฏู ู ูุฎูุงู ุจุง ฺุฒุง ฺฉู ุงุฏ ฺฏุฑูุชู ุชูุฑู ฺฉูู  ุณุงุช ุง ฺฉุชุงุจ ูุดูุงุณู ฺฉู ุชูุฑู ุฏุงุดุชู ุจุงุดู ุจุฑุง ุญุฑููโุง ุชุฑ ุดุฏูุุ",1
"ุณูุงู ููุจุน ุฎูุจ ุจุฑุง ุจุงุฏฺฏุฑ cpp ูุนุฑู ูฺฉูุฏ ุ ููููู",1
"ุณูุงู ฺฉุณ ูโุชููู ฺฉ ูพุฑูฺู ุฑฺฉุช ุฑู ุฏุงุฎู ฺฏุช ูุงุจ ฺฉุงูุช ฺฉูู ุจูู ูพุงู ุจุฏู  ูุฒูุด ูุฑฺ ุจุดู ุชูุจู ูฺฉูู",1
"ูฺฏู ูู ุฎูุฏู ุดุฎุตุง ุฏุฑฺฏุฑุด ูุจูุฏู ุงู ูุฏุช",0
"ูฺฉุฑ ูฺฉูู ุจู ููุชุฑุดฺฉู ุจุณุชฺฏ ุฏุงุดุชู ุจุงุดู ูุง",0
"ฺฉ ุงุฒ ุจฺู ูุง: ุงุฑู ูู ุฒุงุฏ ฺฉุฏ ฺฏุฑูุชู ุงู ฺูุฏ ุฑูุฒ ุงูุจุชู ูฺฏู ุจู ููุชุฑ ูู ุจุณุชฺฏ ุฏุงุฑู ูู ุฑู ููุชุฑ ุฎูุฏู ูุดฺฉู ูุฏุงุดุชู ููู ุงูุฑูุฒู ฺฉุฏ ฺฏุฑูุชู",1
"ุญุฏุงูู ูุชููุฏ ูพุงู ุฑู ุญุฐู ูฺฉูุฏ ู ููุท ูุดุฏุงุฑ ุจุฏุฏ ุชุง ุชุตุญุญุด ฺฉูู",0
"ุงููุฌ ู ุงุณุชฺฉุฑุง ุฑู ุชูฺฏุฑุงู ฺฏุฐุงุดุชู ุจุฑุง ุงุณุชูุงุฏู ุฏฺฏ ...",0
"ุงุจุงุจุง  ุจ ูพุดุชุจุงู ฺฏูุชู ุจูุธุฑุชูู ุญู ูุดูุ",0
"ุธุงูุฑุงู ฺูุฏ ููุช ูุณุช ุงุฐุช ูโฺฉูู. ูพ ููู ุญู ูุดุฏู...",0
"ุฏูุณุชุงู ฺุฑุง ููุชููู ุจุง ุดูุงุฒู ุงฺฉุงูุช ุชูฺฏุฑุงู ุจุฒูู ู ูฺฏู ฺูุฏ ุฑูุฒ ุตุจุฑ ฺฉู ุฏุฑุญุงู ฺฉู ูู ฺฉ ูุงูู ุฏุงุฑู ุตุจุฑ ูฺฉูู ูุทูุง ฺฉ ฺฉูฺฉ ฺฉูู",0
"ุณูุงู ุฏูุณุชุงู ฺูุฏ ุชุง ููุด ูุตููุน ุฎูุจ ู ุฑุงฺฏุงู ุจุฑุง ุณุงุฎุช ุชุตูุฑ ุจู ุฎุตูุต ุงููุดู ูุนุฑู ูฺฉูุฏ  Gemini ููุฎูุงู",1
"ููุงุจุน ุฎูุจ",1
"ฺ ุ",0
"ุฏุงุฑู",0
"ู ูพุงุชูู",1
"ุชู ุญุทู  ูุงุดู ูุฑููฺฏ ุ!ุ",1
"ูู ุฏูุจุงู ููุจุน ุฎูุจ ูุณุชู ฺฉุงุฑุจุฑุฏ ู ุจุฏูู ฺฏุฒุงูู ฺฏู",1
"ุฎู ุฎู ฺฉู",0
"ุฏูุช ฺฏุฑู",0
"ูุซู ุงู ููููู ฺฉ ูฺฉุฑูฺฉูุชุฑูุฑ ุจุง ุงุณูุจู ุจููู ุชุฑ ูุดู ููุดุช. ุงูุง ฺูุฏ ุฏุฑุตุฏ ุจุงุฒุงุฑ ูุฑู ุณูุช ุงุณูุจู ...",1
"ุฏูุจุงู ููุงุจุน ูู ูุณุช ุจูู ูพุงู ุจุฏู",1
"ูุฏูุช ูุงุดู ูุฑููฺฏ ุนู ูพุงุชูู ู r ู ุงุฏ ุจฺฏุฑ ุงุญุชูุงู ุงูฺฉู ูุฑุงุฑ ุจุงุดู ุจุง ุณ ูพูุงุณ ูพูุงุณ ุจููู ุณุงุฒ ุจฺฉู ุฒุฑ 1 ุฏุฑุตุฏู ุฎุงูุช ุฑุงุญุช",1
"ุฏุงุฏู  ูุงุดู ูุฑููฺฏ",1
"ุงู ูุฏุฑุช ุณ ูพูุงุณ ูพูุงุณ ุนู",1
"1 ุซุงูู ุทูู ููฺฉุดู",1
"ฺฉ ูููู ุงุฑุงู ุจูุด ุจุฏู ุฌูุน ุจุฒูู ุจุง ูู",1
"ุงู ุจููู ุดุฏู ุจุง ุณ ูพูุงุณ ูพูุงุณ",1
"ุญุงูุง ู ฺฉุชุงุจุฎููู ุง ูุณุช ุจู ุงุณู ูุงููพุง ุชู ูพุงุชูู",1
"ุชู ูพุงุชูู ู ูุณุช ุจุณุงุฒ ฺฉู ุชูุด 1 ูููู ุงุฑุงู ุฏุงุฑู ุงู ุณุฑุนุช ูพุฑุฏุงุฒุดุด ุจุฑุง ู ุฌูุน ุงุฑุงู ุจู ุงุฑุงู ุชูุฑุจุง 20 ุซุงูู ุทูู ูฺฉุดู",1
"ุจุจู ูุซูุง ู ูุซุงู ุฎูุจ ุจุฑุงุช ุจุฒูู",1
"ุจุณุชฺฏ ุฏุงุฑู ูุฏูุช ุชู ุจุฑูุงูู ููุณ ฺ ุจุงุดู",1
"ุจุนุฏ ฺฉ ุงุฒ ูุฒุช ูุงุด ุงูู ุชู ูุชูู ุฏุณุช ุจู ุณุฎุช ุงูุฒุงุฑ ุฎูุฏุช ุฏุณุชุฑุณ ุฏุงุดุชู ุจุงุด ู ุญุงูุธู ุฑู ุจุงุช ุจู ุจุงุช ูุฏุฑุช ฺฉู ู ูุฑ ุจุงุช ู ุจููู ุณุงุฒ ฺฉู",1
"ุง ูุซูุง ูุญุงุณุจุงุช ุจู ุดุฏุช ุณูฺฏู ุนูู ู ูููุฏุณ ฺฉู ูุงุนุฏุชุง ุจุง ุณ ูพูุงุณ ูพูุงุณ ุจูุชุฑู ุจุงุฒุฏู ุฑู ุจูุช ูุฏู",1
"ฺูู ุจู ููุณุฑ ุงุญุชุงุฌ ูุฏุงุฑู ุง ูุงุดู ูุฌุงุฒ ููุฎูุงุฏ ูุซู ูพุงุชูู ู ุฌุงูุง",1
"ุจุจู ูุซูุง ูฺฉ ฺฉู ุฏุงุฑ ู ุฑุจุงุช ูุณุงุฒ ฺฉู ุณุทุญ ุชุฌูุฒุงุชุช ูพุงูู ุง ูุซูุง ุงู ุฏุณุชฺฏุงู ูุง ฺฉูฺฺฉ ฺฉู ุฎูุจ ุณุณุชูุงุดูู ฺูุฏ ุจุฑุงุจุฑ ุงุฒ ฺฉุงููพูุชุฑ ูุนููู ูพุงู ุชุฑู ุงูุง ุจุง ุณ ูพูุงุณ ูพูุงุณ ุญุฏุงฺฉุซุฑ ุจุงุฒุฏู ุฑู ูุฏู",1
"ุนู ููุท ุณุฑุนุชุด ุจุดุชุฑู ูุฒุช ุฏฺฏู ุง ูุณุจุช ุจู ุฒุจุงู ูุง ุงุณฺฉุฑูพุช ูุฏุงุฑู ุ",1
"ููุทูู",0
"ูู ุฏุงูุดฺฏุงู ุฎูุงุฌู ูุตุฑ ุจูุฏู ุงูุจุชู ูู ุฑุดุชู  ูููุฏุณ ฺฉุงููพูุชุฑ ู ุฎู ูุง ุฑู ุฏุฏู ฺฉู ุจุฏูู ูฺ ุฏุงูุด ุงููุฏู ู ุชู ุฏุงูุดฺฏุงู ุจุนุฏ ุฏูุณุงู ููุงูู ุฏุงุฏู ุงูุงูู ฺู ุชุงุดูู ุชู ุงุฑููพุง ู ฺฉุงูุงุฏุง ุชุญุตู ูฺฉูู",1
"ุชู ุจุฎูู ุจุฑู ุฏุงูุดฺฏุงู ุชุงูพ 4 ุณุงู ุจุฑุง ูพุฑูฺู ู ุงุฏฺฏุฑ ููุช ุฏุงุฑ",1
"ุงุฒ ุทุฑู ุญูุฒู  ุฏูพ ูุฑููฺฏ ู ูุงุดู ูุฑููฺฏ ุชู ุงุฑุงู ุชุงุฒู ุงููุฏู ุจุงุฒุงุฑ ฺฉุงุฑ ูุฏุงุฑู ูุงูุนุช 80 ุฏุฑุตุฏ ุงูุฑุงุฏ ุดุงุฏ ุจุดุชุฑ ฺฉุงุฑ ูพุฏุง ููฺฉูู ฺูู ุฌุฏุฏู",1
"ุงู ูุธุฑ ููู",0
"ุฏููุง ุงุฒ ุทุฑู ูพุฑูฺู ุง ฺฉู ุชู ุฏุงูุดฺฏุงู ุฏููุช ูุณุช ู ููุดู ุจุง ุฏุงูุดฺฏุงู ุงุฒุงุฏ ุง ูพุงู ููุฑ ููุงุณู ฺฉุฑุฏ",1
"ูุงุนุฏุชุง ูุงุณู ููุงุฌุฑุช ุณุฑ ููุงฺฉ ูุง ุงุตู ูุซู ูุนุฏู ู ููุงูู ูฺฉ ฺฉูู ุจุดุชุฑ ูููู ุฏุงูุดฺฏุงู ุชุงูพ ูุชููู ุชู ุฑููุฏ ุฎูุจ ุจูุฏู ููุงูู ฺฉูฺฉ ฺฉูู ูฺฉุฑ ฺฉูู",0
"ูู ุฏุงูุดฺฏุงู ุชุงูพ ู ูพููุช ูุซุจุช ุนู ูู ููุงุฑุช ููุชูู ุจฺฏ ุงู ุจูุชุฑู ุง ุงูู ุจูุชุฑู ุจุณุชฺฏ ุจู ูุฏูุช ูู ุฏุงุฑู ุงูู ฺฉู ููุงุฌุฑุช ุจุฎูุงุฏ ุฏุงูุดฺฏุงู ุชุงูพ ูู ุฌุฒู ูุฏูุง ุงุตูุดู",1
"ุณูุงู . ุจู ูุธุฑุชูู ุฎูุจู ฺฉู pygame ุฑู ุงุฏ ุจฺฏุฑู ุ ุจุง ุงูฺฉู ููุฎูุงู ุฏุฑ ุขูุฏู ุจุงุฒ ุจุณุงุฒู ููุท ูุฎูุงู ุชุฌุฑุจู ุจุง ูพุงุชูู ุจุดุชุฑ ุดู ู ุนูุงูู ูู ุฏุงุฑู ุจู ุจุงุฒ. ุฑุดุชูู ูููุฏุณ ฺฉุงููพูุชุฑู",1
"ูุงูุนุช  ูุจูู ูุง ุฒุงุฏ ุงุฌุงุฏ ูุดู ุชู ุฐููู ุฏุฑุญุงู ฺฉ ุณุฑ ฺุฒุง ุฑู ูุฏููู  ุณุงู ุขูุฏู ฺฉูฺฉูุฑ ุฏุงุฑู (ุฑุงุถ) ุญูุฒู ุง ฺฉ ูุฎุงู ุจุฑู ููุด ูุตููุน ูุณุช ฺูุฏู ุณุงูู ูู ุขุดูุง ุฏุงุฑู ุงุฒ ฑด ุณุงูฺฏ ุงูุง ูู ุจูุง ุจ ุฏูุงู  ูุฏุช ูู ฺฉุฑุฏู  ุงูุงู ุชู  ูุฑุญูู ฺฏุฑ ฺฉุฑุฏู  ุจุดูู ุจฺฉูุจ ูุงูุนุง ูุงุณู ุชุงูพ ุง ูุฑูุงู ุฏููุช ุจุฎููู  ุง ููุงุฑุช ุฎูุฏูู ุชู ุญูุฒู ุงู ุดุฑูุน ฺฉูู ู ู ุขุฒุงุฏ ูุดู ูุฏุฑฺฉ ู ุฏุฑุณูู ูู ูุฎููู    ฺุฒ ูุง ฺฉ ูุฏููู ุจุดุชุฑ ุฒุจุงู ุงูฺฏูุณ ู ููุงุจุน ุชู ุจุฑูุงูู ููุณ ุงูฺฉู  ู ุดุงุฏ ุฌู ู ูุญุท ุฏุงูุดฺฏุงู  ูุง ูุชูุงูุช ุจุงุดู  ุฎูุงุณุชู ุฑุงูููุง ุจฺฏุฑู ุฏุฑูุงูุน !  ฺฉูุง ุจุญุซ ุชุฌุฑุจู ุดูุง ุฑู ุจุดุชุฑ ูุฎูุงู ุจุฏููู",1
"ฺุทูุฑ",0
"ฺฉุณ ูุณุช ุงูุฌุง ุฏุงูุดฺฏุงู ุชุงูพ ุจุงุดูุ ุง  ุฏุงูุดฺฏุงู ุฏููุช ุ ุฑุดุชู ฺฉุงููพูุชุฑ",1
"ู ุณุฑ ุจู ุฌุงุจ ูฺู ุจุฒู",1
"ุณูุงู ุฏูุณุชุงู ุนุฒุฒูุ ฺฉุณ ุงูุฌุง ุจุง rustrover ฺฉุงุฑ ฺฉุฑุฏู",1
"ููู ู ููุฑ ฺฉูฺฉ ฺฉูู ููููู",0
"ุณูุงูุ ูู ุฏูุจุงู ุดุบู ฺฉุงุฑุงููุฒ ุงููุช ู ุดุจฺฉู  ูุณุชู ูุทูุง ุงฺฏู ุชููุณุชุฏ ฺฉูฺฉ ฺฉูุฏ ุจู ฺฉ ูุตูู ฺฉูุฏ ููููู ูุดู :)",1
"ูพุฑูฺุชูู ุฑู ุจูุฑูุงุฏ",1
".",0
"ุณูุงู ููุช ุจุฎุฑ ฺฉุชุงุจ ู ุดูุงุณุฏ ุฏุฑ ุญูุฒู  ุฒุจุงู C++ ฺฉู ุงุฒ ุณุฑูุตู ูุง ูุซุงู ุจู ุชุนุฏุงุฏ ุฒุงุฏ ููุฑุงู ุจุง ุญู ุขูุฑุฏู ุจุงุดู ุจุฑุง ุชูุฑู ุจุดุชุฑุ ููููู ู ุดู ุจูุฑุณุชุฏ ุจุฑุงู",1
"ุจุจู ุฌุงูุง ฺฉู ุฏูุจุงู ุณุฑุนุช ุชู ูพุฑุฏุงุฒุด ุฏุงุฏู ูุง ูุณุช (ุณุฑุนุช ูููโุงูุนุงุฏู ุฒุงุฏ ููุธูุฑูู) ุงุฒ ุฒุจุงู ูุง ุณุทุญ ูพุงู ูุซู ุณ ู ุณ ูพูุงุณ ูพูุงุณ ุงุณุชูุงุฏู ูุดู ูุซู ุณุงุฎุช ูุฑู ุงูุฒุงุฑ ุณุงุฎุช ุจุงุฒ ูุง ุจููู ุณุงุฒ ููู ููุด ูุตููุน ฺฉู ุณุฑุนุชุด ุจู ุดุฏุช ุงูุฒุงุด ูพุฏุง ูฺฉูู ู....",1
"ุณูุงู ุจุฑูุงูู ููุณ ูุณ ฺฉูฺฉู ฺฉูู ู ูพุฑูฺู ุงุฌุฑุง ุจฺฏุฑู ูุฒูู ุดู ูุฏู",1
".",0
"ฺฉุฏูู  ุฏุงูุดฺฏุงู ุ ูู ุจุง ูุฌูุฏ ุงูฺฉู ุฑุดุชู ูููุฏุณ ุจุฑูู  4 ุชุง ุฒุจุงู ุจุฑูุงูู ููุณ  ุจูููู ุฏุฑุณ ูุฏู   ูฺฉ ฺฉูู ุฑุดุชู  ฺฉุงููพูุชุฑ ุจุดุชุฑ ุจุงุดู",1
"ุฏูุณุชุงู ุฌุง ุฑู ุจุฑุง ุดุฑูุน ุจู ฺฉุงุฑ ุฏุฑ ุญูุฒู ฺฉุงููพูุชุฑ ุณุฑุงุบ ุฏุงุฑุฏ ุ",1
"ุฏูุณุชุงู ++c ุฏุฑ ฺู ุญูุฒู ุง ฺฉุงุฑุจุฑุฏ ุฏุงุฑู ู ุงุง ุงุฑุฒุด ุงุฏฺฏุฑ ุฏุงุฑู ุ",1
"ุณูุงู ุฏูุณุชุงู ูู ูพูุณุชู ุฏู ูุฒุงุฑ ู ุจุณุช ู ูพูุฌ ุงู ูุนุงูู ฺูู ูพูุณุชู ูุจูู ูุดฺฉู ุฏุงุดุช ุงุฒ ุฏุงุฑฺฉุช ุงุฏูู ุชุบุฑ ูุงู ุฏุงุฏู ุงุด ุงู ูพูุณุชู ูพุด ูุฑุถ ูุนุงู ุดุฏู ุญุงูุง ููุช ูุฎูุงู ููุช ุณุงู ุฌุงูุฏ ุฑู ูุนุงู ฺฉูู ุณุงุช ููพุฑู ฺฉุณ ูุฏููู ุฏููุด ฺู ุ",1
"ุงูุง ุฏุงูุดฺฏุงู ุจู ุฏุงูุดฺฏุงู ูุฑู ุฏุงุฑู ุงูุงู ุฏุงูุดฺฏุงู ุฑุง ูโุดูุงุณู ุฌุงูุง ู ุณ ูพูุงุณ ูพูุงุณ ู ูพุงุชูู ุฏุฑุณ ูุฏู ุง ุฏุงูุดฺฏุงู ุฏฺฏู ูุจุงู ู ูพุดุฑูุชู ู ุณ ูพูุงุณ ูพูุงุณ ุงุฏ ูุฏู ู ุณุงุฎุชูุงู ูู ูพุงุชูู",1
"ุณูุงู dns ุฏุงุฑุฏ ฺฉู ุฑูู cursor ุฏุฑุณุช ฺฉุงุฑ ุจุฏู",1
"ูุจุงู ู ูพุดุฑูุชู ุจุนุฏุด ุงู ุณุงุฎุชูุงู ุฏุงุฏู ู ูุนูุงุฑ ุงูุง...",1
"ูุง ฺฉู ููุท ++C ูุฎููู",1
"ุจุณุชฺฏ ุจู ุฏุงูุดฺฏุงูุช ุฏุงุฑู ุงูุง ุญุฏุงูู 2 ุชุง 3 ุฒุจุงู ุฑุง ูฺฏู",1
"ุณูุงู ุฏูุณุชุงู ฺฉุณ ูุฏููู ุจุง ูพูุฌุงู ูููู ฺู ููพ ุชุงูพ ุจุฎุฑู ุจูุชุฑูุ  ( ฺฉู ุจุชููู ุจุง ุจุฑูุงูู ูุง ูุซู SQL,SPSS ู...) ฺฉุงุฑ ฺฉูู",1
"ููุฑุงูุงู ุนุฒุฒ ูุทูุง ููุช ุจฺฏุฐุงุฑุฏ ู ูพุงู ูุง ุณูุฌุงู ุดุฏู ุฑู ูุทุงูุนู ฺฉูุฏุุฏุฑ ุบุฑ ุงู ุตูุฑุช ุงฺฏุฑ ุชุฎูู ุงุฒ ฺฉุณ ุฏุฏู ุดุฏ ุจุฏูู ุงุฎุทุงุฑ ูุจู ุงุฒ ฺฏุฑูู ุจู ูุดู ! ุณูพุงุณ ุงุฒ ููฺฉุงุฑ ู ููุฑุงู ุดูุง",0
"ุณูุงู  ุฏุฑ ุฑุดุชู ฺฉุงููพูุชุฑุ ููุงูู ุจุฑูุงูู ููุณ ุฑู ุงุฏ ูโฺฏุฑ ฺฉู ููฺฉูู ฺฉุณุงู ฺฉู ุทุฑุงุญ ูุจ ฺฉุงุฑ ูโฺฉููุฏ ุจูุฏ ูุจุงุดูุฏ ูพุณ ุฌููุชุฑ. ุฒุจุงู ูุง ูุฎุชูู ุฑู ุชุฌุฑุจู ูโฺฉู ู ุฑุงุญุช ุชุฑ ููุฏุช ุฑู ูพุฏุง ูโฺฉู  ุงูุจุชู ุจุงุฏ ุฎูุฏุช ูู ุฏุฑ ฺฉูุงุฑ ุฏุงูุดฺฏุงูุ ุนูุงูููุฏ ุจุงุด ู ุชูุงุด ฺฉู  ุฏุฑ ุงูุชุฎุงุจ ุฏุงูุดฺฏุงู ูู ุฏูุช ฺฉู ฺฉู ูุฑุฌุง ูุฑ ู ุจุชููู ฺฉูฺฉุช ฺฉูู",1
"ุงุฏูู ูุง ุนุฒุฒ ูุฑูุฏ ููุจุฑ ุฑู ุจุง ุชุงุฏ ูุฑุงุฑ ุฏุงุฏู ฺฉู ูุฑ ฺฉุณ ูุงุฑุฏ ูุดู ูุทูุง ูพุฑููุงู ู ุจูฺฏุฑุงู ูุจู ุงุฒ ุชุงุฏ ูุฑูุฏ ฺฺฉ ฺฉูุฏ ุงฺฏุฑ ฺฺฉ ูฺฉุฑุฏุฏ ุงุฒ ุงุฏุงูู ููฺฉุงุฑ ุจุง ุดูุง ูุนุฐูุฑู !",0
"ูุดฺฉู ุงู ุฌุงุณุช ฺฉ ุจุนุถ ูุง ูุชุฎุตุต ูุณุชูุฏ ู ุงููุฏู ุฏุงุฑูุฏ ุจุงุฒุงุฑ ุฑู  ุจุฑุง ุจูู ููฺฉุงุฑโูุง ุฎุฑุงุจ ูโฺฉููุฏ",0
"ุณูุงู ุฏูุณุชุงู ููุชุชูู ุจุฎุฑ ูุดู ุงฺฏู mirror ุฎูุจ ุจุฑุง npm ุณุฑุงุบ ุฏุงุฑู ุจุฑุงู ุจูุฑุณุชุฏ  ูุทูุง",1
"ููุด ูุตููุน iot ุชู ุงุฑุงู ุฏุฑุขูุฏ ูุฏุงุฑู ุจู ุฌุฒ ูุนุฏูุฏ ุงุฒ ุฌุงูุง",1
"ูู ูู ุฑุดุชู ฺฉุงููพูุชุฑู ูู ุทุฑุงุญ ูุจ ฺฉุงุฑ ูฺฉูู ููุด ูุตููุน ุงุดุง ูู ฺฉุงุฑ ูฺฉูู ุฏุฑ ุญุงู ุญุงุถุฑ ูพุฑูฺู ุฎู ุจุฏ ุจุฏุณุช ูุงุฏ ู ุงฺฏุฑู ุจุงุดู ูุงูุนุง ุงุฒ ูุญุงุธ ุฏุฑุขูุฏ ูู ุฏูุณุชุงูู ููุฏููู ูู ุงูุถุงุน ุฏุฑุงูุฏ ุฎูุฏู ุฎูุจ ูุณุช",1
"ุฏู ุดูุง ฺฏุฑู",0
"ุจูู ุชุฎุตุต ู ุญุฑูู ุง ูุณุชู ูุซู ...",0
"ูุงูุดู ุจุฎูุงู ุฏุฑุงูุช ฺฉูู ฺฉู ูุดฺฉู ูุฏุงุฑูุ",0
"ุจุงูุงุด ูุดู ุงูพูฺฉุดู ุจุณุงุฒ",1
"ฺฉ ูุญุท ุชูุณุท ฺฏูฺฏู ุณุงุฎุชู ุดุฏู ุจุฑุง ุชูุณู ุงูุฏุฑูุฏ",1
"ฺฉู ุฑุงุฌุจ ุงูุฏุฑูุฏ ุงุณุชูุฏู ุชูุถุญ ูุฏู ุ",1
"ูุซูุง ุฌุงูุง ุจุงูุงุด ุงูพูฺฉุดู ุจุณุงุฒุฏ... ุชูุณุนู ุจุฏุฏ ุฏุฑ ูุญุท ุงูุฏุฑูุฏ ุงุณุชูุฏู...",1
"ุจุงุฏ ุจุฑุฏ ฺฉุฏููุณ ุงุฏุจฺฏุฑุฏ",1
"ฺู ุจุฑูุงูู ุง ูุฎูุงุฏ ุจุฑุง ุณุงุฎุช ุงูพูฺฉุดู ููุจุงูุ",1
"ุขููุฒุด ุงูพูฺฉุดู ููุจุงู ุฏุงุฑุฏ",1
"ุณูุงู",0
"ุณูุงู ุจุณุชฺฏ ุจู ูพุฑูฺู ุฏุงุฑู",1
"ุณูุงู  ู ููุจุน ุฎูุจ ุจุฑุง ุงูุชุญุงู ูพุงุงู ุชุฑู ุจุฑูุงูู ููุณ ฺฉุณ ุณุฑุงุบ ุฏุงุฑูุ",1
"ุณูุงู  ูุฎูุงุณุชู ุจูพุฑุณู ุจุฑุง ุจฺฉ ุงูุฏ ูุฎูุงุณุชู Django ฺฉุงุฑ ฺฉูู ููุจุน ุฎูุจ ุณุฑุงุบ ุฏุงุฑุฏุ ู ุงูฺฉู ูพุดููุงุฏ ูุฏุฏ Django ฺฉุงุฑ ฺฉูู ุง laravel ุง node.js ุงูุงุ",1
"ุณูุงู ููุช ุจุฎุฑ ูุฎูุงู ุงูุณุงู ุงูุชุฎุงุจ ุฑุดุชู ฺฉูู ุจู ูุดูุฑุช ุงุญุชุงุฌ ุฏุงุฑู ุจูุธุฑุชูู ฺฉุงููพูุชุฑ ุฎูุจู ุชู ุงุฑุงูุ ุจู ุจุฑูุงูู ููุณ ู ุทุฑุงุญ ูุจ ู...ูฺฉุฑ ูฺฉูู ุนูุงูู ููุฏู ููููู ูุดู ุงุฒ ุชุฌุฑุจุงุชุชูู ุงุณุชูุงุฏู ฺฉูู",1
"V2ray",0
"ุงุฑ",0
"ุจุฑุง ฺฉุงููพูุชุฑ ููุชุฑุดฺฉู ุฎูุจ ูุฏูููุ ูพูู ุจุงุดู ูู ููู ูุณุช",0
"ุงู ุฏุณุชูุฑ ุฑุง ูู ุชูุงู ุฑู ฺฉ ูุฏุฑ ุงุฌุฑุง ฺฉุฑุฏ.",0
"ุฏูุณุชุงู ฺฉุณ ูุณุช ุจุชููู ูู ุฑู ุฏุฑ ูุตุจ ู ุฑุงู ุงูุฏุงุฒ catia ุฑุงูููุง ฺฉููุ",1
"ุฏูุณุชุงู ุชู ูู ุฑู ุณุณุชู ุจุงูุง ููุงุฏ ุนู ูพุฑูฺฉุฒ ูุง ุฑู ูุดูู ููุฏู ฺฉ ูุตู ุจุดู ฺ ฺฉุงุฑ ฺฉูู",0
"ุจุฑุง ฺู ุณุงุช ูุณุช ุงู ฺฉุฏ ุงุดุชุฑุงฺฉุุ",0
"ุฏูุณุชุงู ุณูุงู ููุช ุจุฎุฑ ฺฉุณ ูุชูุจ ุจูุฏู ูพุฑูฺู ุฏุงูุดุฌู ูุณุชุด ุจุง ูพุงุชูู ฺฉุฏุด ุฒุฏู ุดุฏู ูุฎุงู ุชุจุฏู ุจุดู ุจู ูุชูุจ",1
"ุงูุง ูุฎูุงู ูุดูฺฏ ุญุฑูู ุง ุงุฏ ุจฺฏุฑู",1
"ูุจุชุฏ ุงู ูฺ ุงุตูุง ุงุฒ ุจุฑูุงูู ููุณ ููุฏููู",1
"ุญุฑูู ุง ุง ูุจุชุฏุ! ",1
"ุชู ฺู ุณุทุญ ูุฎูุง ฺฉุงุฑ ฺฉูุ! ",1
"ุงุฑู",0
"ูุฎูุง ุชูุณุนู ูุจ ฺฉุงุฑ ฺฉูุ! ",1
"ุณูุงู ู ููุช ุจุฎุฑ ฺฉุณ ุงุฒ ุฏูุณุชุงู ูุณุช ุงุฒ ุณุงุช freelancer ูพุฑูฺู ฺฏุฑูุชู ุจุงุดู  ู ุณุงุจูู ฺฉุณุจ ุฏุฑุงูุฏ ุงุฒุด ุฑู ุฏุงุดุชู ุจุงุดู ุ ูุทูุง ุงฺฏุฑ ุงู ูพุงู ุฑู ูุจูุฏ ุฑูพู ฺฉูุฏ ู ฺูุฏุชุง ุฑุงูููุง ุงุฒุชูู ูุฎูุงู",1
"ฺฉูุง ุงูุชุฑูุช ูุง ูพูุดุฏู ูู ุงูุงู ุงูฺฉูุ ุฏุดุจ ุจุฎุงุทุฑ ุดุจ ุขุดูุฑุง ู ุฎุทุฑุงุช ุงุญุชูุงู ุงุฒ ุชูุฑุงู ฺฉูุง ุงูุชุฑูุช ูุงุฑู ุจุณุชู ุจูุฏู ุ ูู ุชุง ุตุจุญ ุงูุฑูุฒ ุงูฺฉ ุดุฏู ุจูุฏ.",0
"ุงุฑู",0
"ุฎููู ูุตูู ุงูุงู",0
"ูฺฉ ฺฉูู ุงูุดุจู ุงุฑู",0
"ุงุฑุงูุณูุ",0
"ุงุฑู",0
"ูุช ุดูุง ูู ุถุนู ุดุฏุ",0
"ูุงุฑุณ ุจุงุดู ููููู ูุดู",0
"ุฑุงุณุชุด ูู ูู ุชู ูุจุณุงุช ฺฏุช ุข ุขุฒ ุจฺฏุฑุฏ ุดุงุฏ ุจุง ุฒุฑููุณ ูุงุฑุณ ูพุฏุง ฺฉุฑุฏ ุงูุงูู ูฺฉ ฺฉูู ุงฺฉุงูุช ูฺู ฺฉ ูุงูู ุฑุงฺฏุงู ูุฏู ุจุง ฺฉุฏ iran ฺฉู ุฑุงุญุช ูุจุดู ุฏูุฑู ุฑู ุฏุฏ",1
"ุณูุงู ุฏูุฑุช ุจฺฏุฑุฏูุ ุนุฒุฒ ุฏู ูููุทูุฑ ฺฉู ุจฺู  ูุง ุจูุช ฺฏูุชู ุจุงุฏ ุงูู ุนูุงูุช ู ุจู ุจุฑูุงูู ููุณ ูุดูู ุจุฏ ุชุง ุงููู ุงูู ุฑู ุฎูุจ ุดู ุจูุช ูุดูู ุจุฏู ู ุงฺฏุฑ ูู ุจู ุขุฑุฒููุงุช ููุฑุณ ฺฉู ูฺ ุชุงุฒู ุจุงุฏ ฺฉู ูู ุฎุฑุฌ ฺฉูุ ูู ุฑุดุชู ุงู ฺฉุงููพูุชุฑ:ฺฏุฑุงุด:ุดุจฺฉู ู ุงููุชุ ุง ูููู ุฏุชุง ุจุณุ ุนูุงูู ุงู ุณูุช ุจุฑูุงูู ููุณ ุงููุช ูุซู ูพุงุชูู ุจูุฏ ฺฉู ุชุง ฒ ุณุงู ููุท ุฏุงุดุชู ุทุฑุงุญ ุณุงุช ูุฎููุฏู ุจุนุฏุด ฺฉู ฺฉู ุดุฑูุน ฺฉุฑุฏู ุฑูุชู ุณูุช ูพุงุชููุุณ ++ุ ุฌุงูุง ุงุณฺฉุฑูพุชุ ูุฎูุงุณุชู ุงูู ุจฺฏู ฺฉู ุจุงุฏ ุตุจุฑ ุฎู ุฒุงุฏ ุฏุงุดุชู ุจุงุด ุชุง ุจุชูู ุฏุฑ ุขูุฏ ุฏุงุดุชู ุจุงุด ุจุง ุดุฑฺฉุช ูุง ุฎุตูุต ุจู ุงูููู ุชู ุชูุฑุงู ฺฉุงุฑ ฺฉู ู ุฏุฑ ุขูุฏ ุฏูุงุฑ ุฏุงุดุชู ุจุงุด... . . . ุจุงุฒู ุงูุดุงุงููู ฺฉู ูููู ุจุงุด ุฏุฑ ุงู ุฑุงู ู ุจู ุญุฑู ุณ ฺฏูุด ูุฏู ฺฉุงุฑ ุฎูุฏุช ู ุจฺฉู... ุขุฑุฒู ููููุช ุฏุงุฑู ุจุฑุงุช ุนุฒุฒ ุฏู ...",1
"ุณุฑุงุบ ูุฏุงุฑ ุดูุงุ-",0
"ุญุงูุง ุงู ูพุงู ููุท ฺฉ ุดูุฎ ุจูุฏ ูู ูุชููุฏ ฺฉ ุฑุงฺฏุงู ูุนุฑู ฺฉูุฏ",0
"Access point ุฑู ุฑุณุช ฺฉู  ฺฏูุดุช ุฑู ุฎุงููุด ุฑูุดู ฺฉู  ุงูุชุฑูุชุช ุฑู ุฑูุดู ฺฉู  ุจุนุฏุด ูุงู ุงุฑุณุงู ุงุฑุงูุณู ุฑู ูุตุจ ฺฉู ุจุจู ุญู ูุดู",0
"ุฑูููฺฏ ุฑูุดููุ",0
"ููฺฉู ฒ ุชุง ุฎุท ุฏุงุฑู ุฏูุชุงุด ูู ุชุนุทูู",0
"ุณูุงู ุจุฑุง ุชูุธูุงุช ฺฏูุด ุฑู ุฎุท ุงุฑุงูุณู ูุดฺฉู ุฎูุฑุฏู  ููุท ุชูฺฏุฑุงู ูุตู ูุดู ุงฺฉุณูพููุฑุฑ ู ุงุณููพ ู ... ูู ูุตู ููุดู  ุชุจุงุฏู ุฏุชุง ูุณุช ูู ูุตู ููุดู",0
"ุฑุงู ุทููุงูู",0
"ูู ุญุงุฌ  ุจุงุฏ ุง ูุฑุฏูพุฑุณ ุงุฏ ุจฺฏุฑ ุง html , Css , js , php",1
"ุฏูุณุชุงู ู ููุชุฑุดฺฉู ุฑุงฺฏุงู ุฎูุจ ุณุฑุงุบ ุฏุงุฑุฏ ุจุฑุง ุณุณุชู",0
"ู ูุจ ุชุงุจ ต ุชูู ุจุฎุฑ ุจุดู ฺฉุงุฑ ฺฉู",1
"ูู ุนุฒุฒ",0
"ุฏูุณุชุงู ุชูุณุนู ูุจ ุทุฑุงุญ ุณุงุช ุฑู ูุดู ุจุง ฺฏูุด ุงุฏ ฺฏุฑูุช",1
"ุฏูุณุชุงู ฺฉุณ ุจู ูุฑู ุงูุฒุงุฑ stm32cube ide ูุงุฑุฏูุ",1
"ุฏุฑุณุชู ฺฉู ุจุฑูุงูู ููุณ ุญูุฒู ูพุฑุฏุฑุงูุฏู ูู ุจุฑุง ุฑุณุฏู ุจู ุฏุฑุขูุฏ ุชู ูุฑฺฉุงุฑ ุจุงุฏ ุชูุงุด ฺฉุฑุฏ  ณูุงูู ฺุฒ ูุณ ฺฉู",1
"ููุดูู ุจุฑุง ุงูฺฉู ุฏูุฑู ุดูู ุจูุฑูุด ุจุฑู ููฺู ุญุฑูุง ูุฒูู",0
"ฺูุฏุฑ ุณูู ุงุฑุฒููุงุช ฺฉูุชุงูู ุฏุงุฏุงุด. ุงูฺฏูุณุชุงู ฺฉู ุจุง word ุ powerpoint  ูู ูุชูู ุจุฑ, ุงูุงู ุฏุงุฑู ุจุง c++ ูุฑู ูุฑุฎ",1
"ุงูุง ูููููู ฺฉู ุดฺฉ ฺฉุฑุฏู ุจู ุงุณุชุงุฏู ูฺฏู ุขุฏู ุญูุงู ุฎูุฑู",0
"Are amoo mitoni",0
"ุณูุงู ุฏูุณุชุงู ูู ุชุงุฒู ุจุฑูุงูู ููุณ  ุณ ++ ุฑู ุดุฑูุน ฺฉุฑุฏู ุจูุธุฑุชูู ุณุฑ 3 ูุงู ูุชููู ุจุฑู ุงูฺฏูุณุชุงู ุฎููู ุจฺฏุฑู ู ฺฉ bmw ูู ุจฺฏุฑู ฺูู ุงูู ฺฉุณ ฺฉู ุจูู ูพฺฉุฌ ุจุฑูุงูู ููุณ ุณ ++ ุงุฒ ุตูุฑ ูุฑูุฎุช ฺฏูุช ุชุง ุฏู ูุงู ุฏฺฏู ูุชูู ุจู ุชูุงู ุงุฑุฒู ูุงุช ุจุฑุณ",1
"ูู ูุดฺฉู ูุณ",0
"ุฎูุจุ  ูู ู ุณูุงู ุฏุงุดุชู ุ ูุณุชูู ุงุฒ ุฎูุฏุช ุจูพุฑุณู ูุดฺฉู ูุณุชุ",0
"y",0
"ุณูุงู",0
"ุณูุงู ฺฉุณ ุณุงูุฏุช ุจูุฏู ุจูู ูพุงู ุจุฏู ุง ุงฺฏุฑ ฺฉุณู ูุดูุงุณู ููููู",1
"ุณูุงู ุฏูุณุชุงู  ุงูุฌุง ฺฉุณ ูุณุช ฺฉู ุจุง qt ูุฑู ุงูุฒุงุฑ ุฑู ุณุงุฎุชู ุจุงุดู ู ูุฑูุฎุชู ุจุงุดู ุง ุจู ุณูุงุฑุด ุฌุง ูุฑู ุงูุฒุงุฑ ุฑู ุจุง qt ุณุงุฎุชู ุจุงุดูุ",1
"ูููููู",0
"ุณูุงู ุจู ููฺฏ  ฺฉุณ ุงุฒ ุฏูุณุชุงู ุจุง ุฒุจุงู ุณ ฺฉุงุฑ ฺฉุฑุฏู",1
"ุฏูุณุชุงู ุณูุงู ุงู ุจุฑูุงูู ุชุจุฏู ูุจูุง ุฏู ุจู ุฏู ูุณุช. ูุดู ูุทูุง ฺฉ ููุฑ ุจุฑุงู ุชูุถุญ ุจุฏูุ",1
"#include<iostream.h> using namespace std; int main() {  int num;  int result=0;  cin>>num;  for(int i=1; num>0; i*=2)  {   result=result+((num%10)*i);   num/=10;      }    cout<<result;    return 0; }",1
"ุจุฑุง ูุฑููุณุฑ  ูพุงุชูู . ุฌุงูุง ุงุณฺฉุฑูพุช . Css ู  html  ุชู ุงุฑุงู ุฎูุจู",1
"ุจุจู ูู ุจุฑุง ูุฑ ููุณุฑ ูุฎูุงู ุญุงูุง ููุฏููู ฺฉุฏูู ุฌูุงุจ ฺฉุงุฑูู ูุฏู ุจูุธุฑ ุดูุง ฺฉุฏูู ุจูุชุฑู ุจุง ุชูุฌู ุจู ุดุฑุงุทูุ",1
"ูู ุฎูุจ ุจุงุฒู ุจุณุชฺฏ ุจู ุญูุฒู ูุนุงูุช ุฏุงุฑู",1
"ูพุงุชูู ุฎูุจู",1
"ุณูุงู ุฏูุณุชุงู ฺฉุฏูู ุฒุจุงู ู ุญูุฒู ุจุดุชุฑ ุจุฏุฑุฏ ูุฑ ููุณุฑ ูุฎูุฑูุ ุฑุงุณุชุด ูู ุฏุงุฎู ฺฉุงู ูุช ฺฉุงุฑ ูฺฉูู ูุฎูุงู ุฏุฑฺฉูุงุฑ ฺฉุงุฑู ุจุฑูุงูู ููุณ ูู ุงุฏุจฺฏุฑู ุจุฑุง ุญุฏุงูู 2 3 ุณุงู ุงูุฏู ุจุชููู ฺฉุณุจ ุฏุฑุงูุฏ ุงุฒุด ุฏุงุดุชู ุจุงุดู  ููููู ูุดู ุฑุงูููุง ฺฉูุฏ.  ุฏุฑุญุฏ ูุจุชุฏ ูุจูุง ุฒูุงู ุฏุงูุดฺฏุงู ุจุง ุณุดุงุฑูพ ู ุณ ูพูุงุณ ูพูุงุณ ฺฉุงุฑ ฺฉุฑุฏู.",1
"ุณูุงููู  ุฏูุจุงู ู ุงูุฒููู ูฺฏุฑุฏู  ฺฉ ุจุดู ุจุงูุงุด ุฎุฑุฏ ฺฏุฑูู ฺฉุฑุฏ  ููุธูุฑูู ูููุฏูุ",1
"ุฒุจุงู C ู C++ ุจูุชุฑู ุฌุง ุจุฑุง ุงุฏฺฏุฑ ูุดู ูุนุฑู ฺฉูุฏ",1
"ุจูุฑูุงุฏ ูู ูุจูุง โฺฉุงุฑ ูฺฉุฑุฏู ุดุงุฏ ุจุชููู ุฑุงูููุงุช ฺฉูู",1
"ฺฉุณ ูุฑุฏ ูพุฑุณ ฺฉุงุฑ ูฺฉูู ู ุณูุงู ุงุฒุด ุจูพุฑุณู ุ",1
"ุงฺฏุฑ ุชูุงู ุฏุงุดุช ูพโู ูพุงู ุจุฏู ู ููุฑู ูโุดูุงุณู ูุดุงูุฑ ฺฉูฺฉูุฑู(ุงูุจุชู ุฏฺฏู ุฎุฏูุงุช ูุดุงูุฑู ุงูุฌุงู ููโุฏู ู ุงุฏุจุงุช ุชุฎุตุต ุชุฏุฑุณ ูโฺฉูู) ุดุงุฏ ุจุชูู ุงุฒุด ุฑุงูููุง ุจฺฏุฑ.",0
"ููุงููู. ุงุณู ุขุฑุฌโุจ ุฑู ููฺฉุง ฑฑฐฐ ุจูุชู ุงุฒ ุขูููู ฺฏุฑููโุชุฑ ูโูุฑูุดู ูุงฺฉุณุง",0
"ุณูพุงุณฺฏุฒุงุฑู ุงุฒ ูุธุฑุชูู ุ ูุทู ฺฉุฑุฏู ูููููู .",0
"ุงฺฏู ุฌุฏ ุฌุฏ ุชูุงุด ูฺฉู ุฑุงุถ ุจุฎูู ุ ุนู ุฑุงุถ ูุฒฺฉ ุ ฺูู ฺฉูุง ุฏุณุชุช ุฌูู ุชุฑู",1
"ููุจุน ูุงุฑุณ ุจุฑุง ููุด ูุตููุน ุจุง c++ ุฒุงุฏ ูุณุช ูฺฏุฑ ุงูฺฉู ุฑู ููพุชุงูพ ุจุง ุฒุฑููุณ ุชู ูุชูุจ ูพุฏุง ฺฉู",1
"ฺฉุณ ุฏูุฑู ุดุจฺฉู ุนุตุจ ุจุง C++ ูุงุฑุณ ุณุฑุงุบ ุฏุงุฑู ุ",1
"ูููููู ุงุฒุช ุฏูุณุช ุนุฒุฒ ุ ูุฑุณ ุงุฒ ูุญุจุชุช ุจูุฏู ูู ุจุง ุงู ุนูู ููุงูู ูุณุชู  ูู ธฐ ุฏุฑุตุฏ ฺฉุงุฑ ุชุฎุตุต ุฑู ุงูุงู ุจูุฏู ู ุงฺฏุฑ ุจุฎูุงู ฺฉ ุจุฑูุงูู ุณูฺฏู ุฑู ุขูุงุฏู ฺฉูู ู ุจู ูุฑุญูู ุงุฌุฑุง ุจุฑุณููู ูู ูููุนุช ุดู ุจุณูุฌู ูู ุชุถูู ููููุช ุดู ุ ุจุงุฒู ุชุดฺฉุฑ ูฺฉูู ุงุฒ ูุธุฑ ฺฉู ุงุฑุงุฆู ุฏุงุฏ ุ ุณูพุงุณฺฏุฒุงุฑู.",1
"ุณูุงู ุฏูุณุช ุนุฒุฒ ุจู ูุธุฑู ุงฺฏู ุฑุงุถ ูุฒฺฉ ุจุฎูู ุจูุชุฑู ู ุงฺฏู ุชุง ุงูุฌุง ูู ุงุฒ ฺฉุงููพูุชุฑ ฺุฒ ุจูุฏ ูุชููู ุชู ุฑู ุชู ุฏุงูุดฺฏุงู ฺฉูฺฉ ฺฉูู ู ุงูู ุจุฏูู ฺฉุงููพูุชุฑ ุฑู ูุฑ ุฌุง ฺฉู ุจุฎูู ุฎูุจู(ุงูุจุชู ุจู ุดุฑุท ฺฉู ุชูุงุด ฺฉู) ฺูู ุงู ุญุณ ุชุนูุฏ ุงูุณุงูู ฺฉู ููููุชุดู ุชุถูู ูฺฉูู ูู ูููุนุช ฺฉู ุชูุด ูุฑุงุฑ ุฏุงุฑู",1
"ุฏุงุฏุงุด ูพุงูุชู ุจุฏู ุจู chatgpt ุจู ุฎูุงุตู ุจฺฏุฑ....",1
"ูููู ูุฎุงู",0
"ุจุง ุณูุงู ู ุนุฑุถ ุงุฏุจ ุฎุฏูุช ุดูุง ุนุฒุฒุงู .  ุฏูุณุชุงู ุจูุฏู ููุฑุณุชุงู ฺฉุงุฑูุฏุงูุด ุฏุฑ ุญุงู ุชุญุตู ูุณุชู    (ุฑุดุชู ุจูุฏู)  ุชููุฏ ฺฉููุฏู ู ุชูุณุนู ุฏููุฏู ูพุงฺฏุงู ูุง ุงูุชุฑูุช ุงุณุช .  ( ุงูุณุงู ูพุงู ฑฑ ูุณุชู ู ุจุง ูุนุฏู ฑน ูุจูู ุดุฏู )  ุงุฒ ููู ุชุงุจุณุชูู ุจุฑุง ฺฉูฺฉูุฑ ุจุงุฏ ุงุฒ ุงูุงู ููุช ุจุฒุงุฑู  ู ูุทุงูุนู ฺฉูู ูุดุงูุฑู ุงุฒ ููู ุดูุง ุณุฑูุฑุงู ุนุฒุฒ ุฎูุงูุด   ูฺฉูู ูุธุฑุชูู ุฑู ุจฺฏู ุจู ุจูุฏู ุ ูู ููู ูุธุฑุงุช ุดูุง   ุนุฒุฒุงู ุฑู ูุฎููู ุฌูุน ุจูุฏ ูฺฉูู ู ูุธุฑู ุฑู ุงูุชุฎุงุจ   ูฺฉูู ู ุงูุชุฎุงุจู ุฑู ุจูุชูู ูฺฏู.  ยซ( ฒ ุชุง ุฑุงู ุญู ููุฌูุฏ ุงุณุช)ยป   โุงูู (ุฒูุงู ฺฉูฺฉูุฑ ููุฑุณุชุงู ุ  ูู ุฒูุงู ุจุง ุฑุดุชู ุฑุงุถ ูุฒฺฉ ูู ุงูุชุญุงู ุจุฏู ู ุฏุฑ ุฏุงูุดฺฏุงู  ูุทุฑุญ ฺฉุดูุฑ ูุซู ุดุฑู ู ุงูุฑฺฉุจุฑ ู ูุฑุฏูุณ ูุดูุฏ ูู ุฑุงู ูพุฏุง ฺฉูู ุจุฑุง ุงุฏุงูู ุชุญุตู ุณุฎุช ุงู ุฑุงู ุงู ุงุณุช ฺฉู ณ ุณุงูู ุฑุงุถ ูุฒฺฉ ุฑู ุจุงุฏ ุชู ฑ ุณุงู ุฏุฑูุงุฒุฏูู ุฌูุน ฺฉูู ู ุจุฑุง ุงูุชุญุงู ููุง ูู ุจุงุฏ ุงูุชุญุงู ุฑุดุชู ุฑุงุถ ูุฒฺฉ ุฑู ูพุงุณ ฺฉููู ุฏุฑ ููุงุช ุขุง ุจุดู ุง ูุดู ุงู ุจุงุฒ ตฐ ตฐ ูุณุช ูฺ ูุดุฎุต ููฺฉูู ุงุฒ ูุถุนุช ุฌุงูุนู ุง ุชุนุฏุงุฏ ฺฉู ูุฎูุงู ุง ุชุนุฏุงุฏ ุฏุฑุฎูุงุณุช ุฒุงุฏ ูุณุช ุ ุงฺฏุฑ ูุจูู ูุดุฏู ูู ุงู  ฺฉ ููุฑุฏ ุฑู ูู ุจุงุฏ ูุจูู ฺฉูู ุงูุง ูพุดุช ฺฉูฺฉูุฑ ุฑู ุฏูุณุช ูุฏุงุฑู ู ฺฉ ุขูพุดู ฺฉู ุฏุงุฑู ุฏุณุชู ุจุงุฒู ูุชููู ฺฉ ุญุฑฺฉุช ุจุฒูู ุจุชููู ุฑุดุชู ููุฑุฏ ูุธุฑู ุง ูููุฏุณ ฺฉุงููพูุชุฑ ุง ุชุฑุจุช ุฏุจุฑ ุฑู ุจุฎููู ุญุงูุง ุงูุชุฎุงุจ ุงูู ุฌุง ุจุงุฒู ุจุฑุงู) โุฏูู (ุงุฒ ููู ุฑุดุชู ุฎูุฏู ุ ููุทุน ฺฉุงุฑ ู ุฏุงูุด ุ ุฑุดุชู ุชููุฏ ฺฉููุฏู ู ุชูุณุนู ุฏููุฏู ูพุงฺฏุงู ูุง ุงูุชุฑูุช ุ ุฏุฑุณ ฺฉู ุฎููุฏู ุฑู ฺฉูฺฉูุฑ ุจุฏู ู ุชู ุฏุงูุดฺฏุงู ูู ุญุฑูู ุง ุดุฑฺฉุช ฺฉูู ุ ู ุจุงุฏ ุชุง ููุทุน ูุณุงูุณ ุงุฏุงูู ุจุฏู ุ ููุชููู ุฑุดุชู ุฏุงูุดฺฏุงู ุฑู ุนูุถ ฺฉูู ุ ุจุงุฏ ุชุง ูุณุงูุณ ุงุฏุงูู ุจุฏู ุ ุจุนุฏ ูุณุงูุณ ุฏฺฏู ุจุณุชฺฏ ุจู ุฎูุฏู ุฏุงุฑู ูุฑ ุฏุงูุดฺฏุงู ูุชููู ุจุฑู ุจุฑุง ุงุฏุงูู ุชุญุตู ุ ุญุช ุดุฑู ุ ุญุช ุงูุฑ ฺฉุจุฑ ู ุญุช ูุฑุฏูุณ ูุดูุฏ ุ ุงูุง ุงูู ูุทูุฆู ูุณุชู ฺฉู ุขุง ูุซู ุงูุงู ุฑุงู ุจุฑฺฏุดุช ุจุฑุงู ุฏุงุฑู ุง ูู ูุชููู ุงฺฏู ูพุงุณ ูุดุฏู ฺฉ ุญุฑฺฉุช ุฏฺฏู ุจุฑุง ุฎูุฏู ุจุฒูู ุง ุดุงูุณ ุขุฎุฑู ุ ุจู ุทูุฑ ฺฉู ุจฺฏู ุงููู ุงุดุชุจุงู ุ ุขุฎุฑู  ุงุดุชุจุงู ุจุงุดู ุ ุดุงุฏ ุ ูู ุฏุงุฑู ูฺฏู ุงูู ูุทูุฆู ูุณุชู ุ ุจุนุฏ ฺฉ ุฑุงูููุง ฺฉู ฺฉุณ ฺฉู ุชู ฺฉ ุฏุงูุดฺฏุงู ุณุงุฏู ูู ุญุฑูู ุง ุฏุงุฑู ุฏุฑุณ ูุฎููู ูโุชููู ููู ูุณุงูุณ ุฑู ุชู ุจูุชุฑู ุฏุงูุดฺฏุงู ุฏุฑุณ ุจุฎููู ุ ุงูู ูโุฏููู ุณุฎุชู ู ุฎู ุณุฎุชู ุ ูู ุดุงูุณ ุชู ุงู ุจุฎุด ุงุฑ ูุณุช ุ ุจูุชุฑู ุจุฎุด ุณุงุฏู ุงู ูุฑุญูู ูุณุงูุณ ฺฏุฑูุช ูุซู ุขุจ ุฎูุฑุฏู ุชู ุงู ุฑุดุชู ูุณุช ูู ุจุฑุง ุงุฏุงูู ูู ุ  ุณุฎุช ุฒุงุฏ ุฏุงุฑู ุจุฑุง ูุจูู ุฏุฑ ฺฉุงุฑุดูุงุณ ุงุฑุดุฏ ุ ู ุงู ูฺฉุชู ูู ุจฺฏู ฺฉุณ ฺฉู ุฏุฑ ฺฉ ุฏุงูุดฺฏุงู ุณุทุญ ณ ุฌุงูุนู ุฏุงุฑู ุฏูุฑู ุฏุงูุดุฌู ุดู ูฺฏุฐุฑููู ุ ู ุจุฑุง ุงูฺฉู ุจุฎูุงุฏ ุจุงุฏ ุชู ฺฉ ุฏุงูุดฺฏุงู ูุซู ุดุฑู ุญุช ุงฺฏู ููุฑู ุฏุฑุฌู ฑ ุงูู ูู ุจฺฏุฑู ุฎู ุณุฎุชู ู ุฎู ุณุฎุช ฺฉ ฺุฒ ูุดุฏ ุชูุฑุจุง ูุดุฏ ฺฏูุช ุจู ุงู ุฏูู ฺฉู ฺฉุณ ฺฉู ด ุณุงู ุฏุฑ ุฏุงูุดฺฏุงู ุฎูุด ุฏุงุฑู ูพุฏุฑ ุฏุงูุดุฌู ุฎูุฏุด ุฑู ุฏุฑ ูุงุฑู ฺฉู ุจู ฺฉ ุฌุง ุจุฑุณููู ููุงุฏ ููุช ู ุฒุญูุช ุฎูุฏุด ุฑู ุจุฒุงุฑู ุฑู ฺฉ ุฏุงูุดุฌู ฺฉู ูุนููู ูุณุช ุงุฒ ฺฉุฌุง ุงููุฏู ุ ุงูุจุชู ููู ุงูุง ูุฑุถู ูุณุช )  ูู ุฎู ุฏูุณุช ุฏุงุฑู ููู ุดูุง ุนุฒุฒุงู ูุธุฑุชูู ุฑู ุจุง ูฺฉุช ุจฺฏู ุงูุฌูุฑ ุณุฑููุดุช ู ุขูุฏู ฺฉ ุฌููู ุงุฑุงู ุชุบุฑ ูพุฏุง ูโฺฉูู ุ ุจูุฏู ุชูุงู ูุธุฑุงุช ุดูุง ุณุฑูุฑุงู ฺฏุฑุงู ุฑู ูโุฎูุงูู ู ุจุฑุณ ูฺฉูู ุงูุดุงููู .",1
"ุณูุงู ุฏูุณุชุงู ุงฺฏู ฺฉุณ ูุณุช ฺฉู ุจุชููู ุฏุฑฺฏุงู ูพุฑุฏุงุฎุช ุจู ุฑุจุงุช ูพุงุชูู ุชูฺฏุฑุงู ูุชุตู ฺฉูู ูุทูุง ุจูู ูพุงู ุจุฏู   ุฏุณุชูุฒุฏ ุจุนุฏ ุงุฒ ุชฺฉูู ู ุชุณุช ูพุฑุฏุงุฎุช ูุดู",1
"โฐ ูุณุช ฺฉุงูุงูโูุง ุชุฎุตุต ูุง ุฏุฑ ุชูฺฏุฑุงู   โ ุจุฒุฑฺฏุชุฑู ฺฉุงูุงู ูพุงุชูู @Pythoni_Developers  โ ุขููุฒุด ุจุฑูุงูู ููุณ  @WorldCode  โ ุขููุฒุด ุดุจฺฉู @mysecure1  โ ุจุฒุฑฺฏุชุฑู ฺฉุงูุงู ุชุฎุตุต ุทุฑุงุญ ุณุงุช @WorldCode1  โ ูุณุช ฺฉ ุฌุง ุขููุฒุดโูุง @WorldCodeLists  โ ฺฉุงูุงู ุฏูู ูพุงุชูู ูุง https://t.me/+Axq2_bHY1j04Yzk1  โ ฺฉุงูุงู ุชฺฉููููฺ ุฑูุฒ @UpdatesIT  โ ูุฏุง ูุจ | Media Web @MediaWeb1  โ ูุชุฎุตุตุงู ุดุจฺฉู ู ุงููุช @Network_Zone  โ ุขููุฒุด ุดุจฺฉู ู ุจุฑูุงูู ููุณ @VipPublic1  โ ฺฉุงูุงู ุชุฎุตุต ุฒุจุงู ูุงุฏุฑ ุจุฑูุงูู ููุณ C ู ++C  @WorldCode_Cpp  โ ุขููุฒุด ุจุฑูุงูู ููุณ @Programming0to100  โ๏ธ ูุง ฺฉุงููพูุชุฑ| My Computer @mycomputeri  โ ฺฉุงูุงู ุจุฑูุงูู ููุณ Build APk @BUilD_APK  โ ฺฉุงูุงู ุชุฎุตุต ุดุจฺฉู @NetworkerIT  โ ฺฉุงูุงู ุฏฺฏุฑ ุขููุฒุด ุจุฑูุงูู ููุณ ูุง @iweb_developers  โ ฺฉุงูุงู ุชุฎุตุต ููุด ูุตููุน @AI_University  โ ฺฉุงูุงู ุชุฎุตุต ุงุฎุจุงุฑ ููุด ูุตููุน @AI_UniversityNews  โ๏ธ ฺฉุงูุงู ุงูพ ุงุณุชูุฑ | Apstoor @Apstoor  ๐ฆ ฺฉุงูุงู ุชุฎุตุต PHP @iPHP_Developers  โ ฺฉุงูุงู ุชุฎุตุต ุงูุฏุฑูุฏ @Androidi_Developers  โ๏ธ ฺฉุงูุงู ุณูู ูพุงุชูู @Python0to100  ๐ ฺฉุงูุงู ุชุฎุตุต ุนูู ุฏุงุฏู @DatascienceExpert  ๐ ฺฉุงูุงู ุชุฎุตุต HTML @HTML_Developers   ๐ ุจุงุชูุฌู ุจู ูุงุฒ ฺฉุงุฑุจุฑุงู ู ุฏุฑุฎูุงุณุช ฺฉุงุฑุจุฑุงูุ ุงู ูุณุช ุจู ูุฑูุฑ ุขูพุฏุช ุฎูุงูุฏ ุดุฏ.",1
"ูพุงู ุจุฏู ูุงุฑุณ ูุนุชุจุฑ ุฏุงุฑู",1